Ticker,Sector,ROE,Net Profit Margin,Debt to Equity,PE ratio,Revenue Growth,2015 PRICE VAR [%],Class
CX,Basic Materials,0.0084,0.0055,1.8644,0.0,-0.0709,-41.24949729384192,0
VALE,Basic Materials,0.0119,0.0187,0.5539,62.9231,-0.249,-56.36293345501039,0
GSM,Basic Materials,0.0785,0.0271,1.0469,44.1795,-0.032,-36.60122033644252,0
FCX,Basic Materials,-0.0603,-0.0551,1.0307,0.0,-0.044,-70.57682249401594,0
NUE,Basic Materials,0.0874,0.0322,0.5898,23.1368,0.1078,-14.856608891955863,0
X,Basic Materials,0.0268,0.0058,0.9208,37.662,0.0048,-69.64392345491194,0
AUY,Basic Materials,-0.206,-0.7537,0.3403,0.0,-0.0041,-52.42875427484408,0
KGC,Basic Materials,-0.2577,-0.36,0.425,0.0,-0.0829,-37.241379565489545,0
NGD,Basic Materials,-0.2101,-0.6572,0.385,0.0,-0.0689,-47.51131463354957,0
GGB,Basic Materials,0.0436,0.033,0.6062,11.5297,-0.0537,-63.81196035435009,0
AA,Basic Materials,-0.0242,-0.0195,0.0323,0.0,0.0457,-37.20341070708819,0
EGO,Basic Materials,0.0194,0.0961,0.114,43.4286,-0.0499,-53.50836475437266,0
OLN,Basic Materials,0.1043,0.0472,0.6662,16.9925,-0.1089,-22.373666786876186,0
JCI,Basic Materials,0.1074,0.0317,0.5906,15.6252,0.0432,-23.31978190469324,0
AU,Basic Materials,-0.0137,-0.0076,1.3079,0.0,-0.0507,-19.134403942609943,0
CMC,Basic Materials,0.0609,0.0117,1.0158,18.1979,0.0287,-12.619352796576033,0
MAS,Basic Materials,0.9264,0.1222,3.7056,9.2267,0.0362,30.792916329129,1
TECK,Basic Materials,0.0195,0.0421,0.4537,25.1568,-0.1608,-71.17510882272742,0
WPM,Basic Materials,0.0551,0.3222,0.2752,36.3036,-0.1222,-39.49296018853665,0
BTG,Basic Materials,-0.4533,0.0,0.2585,0.0,0.0,-41.04046567226236,0
CENX,Basic Materials,0.1144,0.0655,0.2305,18.626,0.3278,-82.07623640047271,0
HL,Basic Materials,0.0128,0.0356,0.3734,55.8,0.3089,-33.1172769731603,0
STLD,Basic Materials,0.0539,0.0179,1.0236,29.0294,0.1876,-7.567285135997716,0
AWI,Basic Materials,0.0983,0.0493,1.6062,44.4522,-0.4879,-9.553010312247885,0
CE,Basic Materials,0.2214,0.0917,0.9663,14.8784,0.0449,14.245129918543864,1
HUN,Basic Materials,0.1817,0.0279,2.8836,17.1278,0.045,-48.8097004451217,0
IAG,Basic Materials,-0.076,-0.1973,0.2451,0.0,0.0637,-49.46619266902732,0
WY,Basic Materials,0.3443,0.3327,1.0185,11.2156,-0.2433,-13.649550442312275,0
SID,Basic Materials,-0.013,-0.0065,3.4322,0.0,-0.1742,-46.04172226876477,0
SLCA,Basic Materials,0.301,0.1386,1.226,11.3673,0.6058,-28.110184247512606,0
CF,Basic Materials,0.3302,0.2931,1.0909,10.0383,-0.1337,-21.87530528145711,0
LYB,Basic Materials,0.502,0.0915,0.8474,9.8867,0.0351,12.187883417883912,1
VMC,Basic Materials,0.0491,0.0684,0.4752,42.1346,0.0807,42.40730053340632,1
CC,Basic Materials,0.109,0.0622,0.0,0.1092,-0.0623,2248.62082842859,1
LPX,Basic Materials,-0.0676,-0.039,0.6786,0.0,-0.0721,8.887546277514568,1
NEM,Basic Materials,0.0494,0.0745,0.6469,18.5294,-0.1896,-6.517043309250172,0
MEOH,Basic Materials,0.2545,0.141,0.9971,9.5678,0.0659,-25.599584479963497,0
RIO,Basic Materials,0.141,0.1369,0.5449,13.0445,-0.0685,-32.89605930869074,0
EMN,Basic Materials,0.214,0.0788,2.1507,15.0815,0.0189,-9.6738590931031,0
MLM,Basic Materials,0.0358,0.0526,0.3644,40.4103,0.3722,24.494311658791407,1
FOE,Basic Materials,0.2653,0.0774,0.9454,13.0909,-0.0647,-14.592937829519368,0
MOS,Basic Materials,0.0961,0.1136,0.3581,16.9703,-0.0921,-38.11707681490027,0
MT,Basic Materials,-0.0258,-0.0137,0.4704,0.0,-0.002,-60.33627587379349,0
CCJ,Basic Materials,0.034,0.0773,0.2739,40.5686,-0.0998,-22.398434101210817,0
AEM,Basic Materials,0.0204,0.0437,0.3433,57.8837,0.1577,-1.5448712586140338,0
PVG,Basic Materials,-0.016,0.0,0.0,0.0,0.0,-18.18181677438852,0
ASH,Basic Materials,0.065,0.0381,0.9068,16.7532,0.0049,-11.47524930596362,0
ARLP,Basic Materials,0.4901,0.2161,0.8261,9.0252,0.0431,-65.58480208849207,0
BHP,Basic Materials,0.1748,0.2437,0.4411,26.3269,0.0539,-42.32362567584414,0
AGI,Basic Materials,-0.104,-0.5883,0.1927,0.0,0.0217,-55.07134402151327,0
CBT,Basic Materials,0.1025,0.0546,0.552,16.5915,0.0553,-4.084499669545907,0
AG,Basic Materials,-0.118,-0.2503,0.1592,0.0,-0.0232,-37.3563196866248,0
NG,Basic Materials,-0.0999,0.0,0.2253,0.0,0.0,35.80645702135815,1
BCC,Basic Materials,0.1625,0.0224,0.5976,18.3005,0.0917,-33.37681698811572,0
UEC,Basic Materials,-0.6589,0.0,0.4681,0.0,-1.0,-40.11299693773557,0
SQM,Basic Materials,0.1061,0.1176,0.8006,25.8358,-0.0858,-20.010413764658736,0
SXT,Basic Materials,0.0703,0.0509,0.446,39.6974,-0.0098,6.607540528828701,1
FMC,Basic Materials,0.2009,0.0944,1.1201,21.5053,0.0409,-30.12521256607441,0
SCCO,Basic Materials,0.2296,0.2303,0.7203,17.5155,-0.0278,-7.099649672205426,0
BMCH,Basic Materials,0.5251,0.0717,1.5083,6.3306,0.0837,8.414240820606821,1
GRA,Basic Materials,0.7551,0.1572,5.5092,25.9918,-0.4259,4.086516636459739,1
SUM,Basic Materials,-0.0307,-0.0073,3.6717,28.8026,0.1891,40233.29349046558,1
TROX,Basic Materials,-0.2652,-0.2458,1.4863,0.0,-0.0963,-81.76952272386643,0
SBGL,Basic Materials,0.1059,0.0712,0.2163,12.2146,0.0222,-16.393348037321868,0
ALB,Basic Materials,0.0981,0.0545,2.1583,35.5799,0.0214,-4.969031133354875,0
OC,Basic Materials,0.0612,0.043,0.545,18.651,-0.0066,33.859069482864115,1
EXP,Basic Materials,0.1494,0.1383,0.4585,35.0435,0.3981,-21.13798835138577,0
MDU,Basic Materials,0.0952,0.0725,0.6681,15.1613,0.0497,-20.60784045704198,0
SAND,Basic Materials,0.0273,0.2038,0.0,34.0,-0.0559,-29.67914150442251,0
ECL,Basic Materials,0.1644,0.0842,0.8951,26.0648,0.0775,10.944551416351883,1
RYN,Basic Materials,0.0667,0.1646,0.5049,35.8205,-0.0852,-17.774160466044933,0
PPG,Basic Materials,0.4058,0.1421,0.7749,15.2072,0.0369,-12.185052519619644,0
TMST,Basic Materials,0.0616,0.0275,0.2476,36.6634,0.2124,-77.0777706417184,0
FNV,Basic Materials,0.0313,0.2412,0.0,69.2817,0.1035,-5.092937033871162,0
FUL,Basic Materials,0.0559,0.0237,0.6459,42.97,0.0281,-15.445026567127965,0
BVN,Basic Materials,-0.022,-0.0713,0.1222,0.0,-0.1527,-55.73940390898668,0
EXK,Basic Materials,-0.3876,-0.3785,0.1508,0.0,-0.2885,-37.719299346346176,0
FSM,Basic Materials,0.0572,0.0897,0.0,37.9167,0.2665,-51.92307515962582,0
PAAS,Basic Materials,-0.3486,-0.7246,0.0387,0.0,-0.088,-29.87860520098329,0
SHW,Basic Materials,0.8690000000000001,0.0778,1.8051,29.2267,0.0927,-0.1233205562793313,0
SSRM,Basic Materials,-0.2182,-0.4211,0.3505,0.0,0.7181,-1.8939465434861475,0
UFS,Basic Materials,0.1491,0.0775,0.4706,6.0481,0.0319,-2.211765686041147,0
HBM,Basic Materials,0.0309,0.1286,0.4919,28.0,-0.018,-56.961161830582846,0
VEDL,Basic Materials,0.0221,0.0213,1.1433,35.6078,-0.0889,-58.25391140985282,0
MAG,Basic Materials,-0.0976,0.0,0.0,0.0,0.0,-14.837153494974803,0
CRH,Basic Materials,0.0572,0.0308,0.5764,25.1361,-0.0769,24.283424642647702,1
BLDR,Basic Materials,0.4515,0.0113,9.3259,36.1579,0.0767,64.14814701786747,1
GPRE,Basic Materials,0.2,0.0493,0.8437,5.6705,0.064,-9.27004976823454,0
RPM,Basic Materials,0.2109,0.0666,0.9774,19.6273,0.073,-10.456944981616372,0
CMP,Basic Materials,0.3334,0.1699,0.9584,13.462,0.1354,-10.704560293697927,0
IFF,Basic Materials,0.273,0.1342,0.6205,19.9136,0.0459,20.80341997448252,1
AVD,Basic Materials,0.0185,0.0162,0.3771,68.3529,-0.2162,21.10371778198788,1
SMG,Basic Materials,0.3007,0.0646,1.4165,20.3704,-0.0704,7.387456166329793,1
HSC,Basic Materials,-0.0721,-0.0107,2.8338,0.0,-0.2865,-55.12816288570619,0
WLK,Basic Materials,0.233,0.1537,0.2624,12.002,0.1745,-10.945706978732575,0
USCR,Basic Materials,0.2028,0.0292,2.1722,18.7171,0.1765,77.12748287331779,1
APD,Basic Materials,0.1346,0.095,0.8307,25.8424,0.0254,-8.21974930187479,0
SXC,Basic Materials,-0.2921,-0.0839,1.4675,0.0,-0.0873,-80.89646403858177,0
ROCK,Basic Materials,-0.2113,-0.0949,0.5421,0.0,0.0417,59.498437857534455,1
GOLD,Basic Materials,-0.2837,-0.2839,1.2766,0.0,-0.1826,-27.20235129328544,0
OMN,Basic Materials,0.0764,0.0116,2.7375,26.32,-0.0302,-25.334956322065,0
URG,Basic Materials,-0.2725,-0.2981,1.2355,0.0,2.8536,-23.52941671457244,0
LXU,Basic Materials,0.0452,0.0396,1.0663,36.5581,-0.2928,-76.88137800097216,0
AMWD,Basic Materials,0.1074,0.0282,0.1134,22.3955,0.1524,100.05003569957474,1
RFP,Basic Materials,-0.1315,-0.0651,0.2802,0.0,-0.0455,-56.76756040858997,0
CSTE,Basic Materials,0.2443,0.1753,0.0404,26.5867,0.2548,-27.41583947627539,0
IIIN,Basic Materials,0.093,0.0407,0.0,22.6703,0.1239,-5.208819672186677,0
BLD,Basic Materials,0.0099,0.0062,0.0,4.2,0.0712,214.0116453573316,1
UAN,Basic Materials,0.184,0.255,0.302,9.3654,-0.0773,-9.895490153012666,0
SWM,Basic Materials,0.1834,0.1129,0.8955,14.3878,0.0278,3.9556702921642497,1
GLT,Basic Materials,0.1067,0.0383,0.6233,15.9813,0.049,-26.08707659971089,0
MERC,Basic Materials,0.2578,0.0963,1.5699,6.7527,0.0797,-26.17922109820934,0
PKX,Basic Materials,0.0152,0.0098,0.6889,37.1723,0.0087,-42.02888594284632,0
AXE,Basic Materials,0.1952,0.0379,0.8089,14.6422,-0.1538,-31.515083714392084,0
DOOR,Basic Materials,-0.0526,-0.0203,0.7101,0.0,0.0616,0.5418686503927134,1
SA,Basic Materials,-0.0501,0.0,0.0,0.0,0.0,6.82989326467534,1
MTRN,Basic Materials,0.0918,0.0374,0.0529,17.1019,-0.0343,-18.953529528422976,0
ALO,Basic Materials,0.043,0.0596,0.0615,15.8333,-0.0406,-85.56701027126924,0
VGZ,Basic Materials,-0.7486,0.0,0.0,0.0,0.0,-3.4482726727597006,0
NAK,Basic Materials,-0.245,0.0,0.0,0.0,0.0,-22.50000055879353,0
THM,Basic Materials,-0.1461,0.0,0.0,0.0,0.0,-51.21951104274184,0
UFPI,Basic Materials,0.0079,0.0025,0.091,18.5823,0.0769,32.20690810346027,1
GSV,Basic Materials,-0.1831,0.0,0.0391,0.0,0.0,54.5454570084564,1
POL,Basic Materials,0.102,0.0206,1.3018,44.0814,0.0171,-14.774513982397512,0
KALU,Basic Materials,0.0707,0.0529,0.3914,17.7687,0.0452,19.1342959242083,1
KRO,Basic Materials,0.127,0.0601,0.4399,15.1395,-0.0465,-53.78877461949364,0
RGLD,Basic Materials,0.0266,0.2641,0.1324,79.3021,-0.18,-42.61836822432147,0
EVA,Basic Materials,-0.0117,-0.0109,0.3465,22.6875,0.6129,-9.559163061656507,0
MTX,Basic Materials,0.1071,0.0536,1.6632,25.9142,0.6942,-32.66154320366963,0
TREX,Basic Materials,0.3662,0.106,0.0,33.2656,0.1435,-10.430892813387208,0
GPL,Basic Materials,-0.7337,-0.607,0.0,0.0,-0.0769,-20.634920034218744,0
IBP,Basic Materials,0.1516,0.0269,0.5849,0.0,0.1993,39.80855632719405,1
APOG,Basic Materials,0.0786,0.0363,0.0582,34.2347,0.1017,6.380718343714921,1
AAON,Basic Materials,0.2537,0.1239,0.0,27.642,0.1096,6.843382873799679,1
AKG,Basic Materials,-0.059,0.0,0.1498,11.0,0.0,-1.3513500451867635,0
REX,Basic Materials,0.1256,0.0527,0.2711,9.5035,0.0144,-13.846397162390318,0
CBPX,Basic Materials,0.0524,0.0374,1.1508,47.9189,0.3632,-0.0572422969369639,0
IPHS,Basic Materials,0.1389,0.0767,0.2937,19.7466,-0.0059,-48.79908167489555,0
NX,Basic Materials,0.0695,0.0491,0.0019,25.3418,0.073,13.121503803444655,1
GORO,Basic Materials,0.1706,0.1303,0.0265,12.0714,-0.0825,-49.387783540379466,0
ICL,Basic Materials,0.156,0.0759,0.9835,19.863,-0.0257,-39.55692956845096,0
NEU,Basic Materials,0.5539999999999999,0.0999,0.8634,21.9548,0.0241,-3.993375654172647,0
BCPC,Basic Materials,0.1348,0.0976,0.8484,38.2989,0.6057,-4.742967921195304,0
TREC,Basic Materials,0.1286,0.0538,0.6643,22.9688,0.2261,-17.012725451669855,0
WWR,Basic Materials,-0.3431,0.0,0.1395,0.0,0.0,-72.91666666666666,0
LODE,Basic Materials,-0.4334,-0.3768,0.5215,0.0,0.0305,-51.80722891566265,0
TANH,Basic Materials,0.2357,0.2135,0.1565,24.2424,0.0698,-34.24999713897705,0
VHI,Basic Materials,0.1126,0.0282,1.9451,40.0625,-0.0241,-79.00249000890138,0
CLW,Basic Materials,-0.0047,-0.0012,1.1421,0.0,0.0409,-35.15168868679548,0
HWKN,Basic Materials,0.0992,0.052,0.0,21.3605,-0.0061,-13.29131905437674,0
GFF,Basic Materials,-0.0003,-0.0001,1.5022,0.0,0.0644,35.58704866089119,1
NRP,Basic Materials,0.151,0.3101,2.0466,9.8195,-0.0201,-86.78086137477737,0
TGB,Basic Materials,-0.1276,-0.1571,0.7431,0.0,0.0826,-67.61904580793134,0
APT,Basic Materials,0.0723,0.0575,0.0,17.1333,0.0877,-32.95018887593674,0
NWPX,Basic Materials,-0.0728,-0.0444,0.1953,0.0,0.122,-61.19972426775736,0
SCL,Basic Materials,0.1066,0.0296,0.5115,15.9681,0.0247,26.23935308899153,1
WDFC,Basic Materials,0.2582,0.1142,0.5785,24.0381,0.0392,18.89715215874252,1
NP,Basic Materials,0.238,0.0818,0.7904,14.7359,0.0742,5.242286756953291,1
TGLS,Basic Materials,0.2059,0.0482,2.0408,26.0256,0.0772,38.22938779990339,1
IOSP,Basic Materials,0.163,0.0875,0.2745,12.3768,0.1735,29.32499653400935,1
PLM,Basic Materials,-0.0414,0.0,0.1846,0.0,0.0,-26.1682259129565,0
FF,Basic Materials,0.1482,0.1556,0.0,10.6721,-0.2317,6.232203768027128,1
KWR,Basic Materials,0.158,0.0738,0.2118,21.555,0.05,-14.184144964930596,0
CMCL,Basic Materials,0.1198,0.1111,0.0,7.625,-0.1535,4.353202366474344,1
NTIC,Basic Materials,0.0897,0.1531,0.0,21.8804,0.1922,-35.03513283867377,0
TGEN,Basic Materials,-0.6092,-0.1937,0.4879,0.0,0.2204,-30.139723750448766,0
ASPN,Basic Materials,-0.5361,-0.6477,0.0013,0.0,0.1894,-26.86746949190187,0
CPAC,Basic Materials,0.0968,0.1552,0.4434,15.7667,-0.0592,-5.148928967573719,0
GURE,Basic Materials,0.0573,0.1572,0.0097,2.5217,-0.04,51.66666501098216,1
OSN,Basic Materials,0.0417,0.0312,0.6617,12.9474,0.085,-5.000004967053535,0
AAU,Basic Materials,-0.3779999999999999,0.0,0.0,0.0,-1.0,-28.42105098048073,0
CCCL,Basic Materials,-0.021,-0.0293,0.0757,0.0,0.1123,15.294116657085516,1
CCR,Basic Materials,0.6146,0.2508,1.0515,9.3636,0.5136,-35.853073482874265,0
CGA,Basic Materials,0.0768,0.1093,0.0723,2.716,0.0761,0.6578993461579525,1
CINR,Basic Materials,0.3015,0.0957,0.9824,11.5247,0.0518,-4.058652165152719,0
CTHR,Basic Materials,-0.2846,-0.0453,0.0,0.0,-0.0999,-36.72316289053839,0
FRD,Basic Materials,0.0271,0.0147,0.0,33.72,-0.1488,-21.274783073086013,0
FSI,Basic Materials,0.0355,0.0254,0.1638,37.7667,0.0067,-12.719300910338433,0
GMO,Basic Materials,-0.0865,0.0,0.0655,0.0,0.0,-69.23076764366326,0
HNRG,Basic Materials,0.0538,0.0424,1.6134,32.3824,0.5674,-58.10223801400068,0
IKNX,Basic Materials,0.0486,0.0351,0.0,45.5,0.0571,-21.748255726364032,0
JCTCF,Basic Materials,0.1021,0.0439,0.0,15.746,-0.1409,-0.7897327028852649,0
KGJI,Basic Materials,0.1833,0.0427,0.1889,0.206,-0.0692,-25.51020358513416,0
MPVD,Basic Materials,-0.0172,0.0,0.0,0.0,0.0,-33.56643479054354,0
ODC,Basic Materials,0.0801,0.0314,0.2147,22.9685,0.0628,16.595579300243095,1
PLG,Basic Materials,-0.0266,0.0,0.0,0.0,0.0,-72.0,0
POPE,Basic Materials,0.4963,0.3644,1.3973,22.5638,0.2373,4.891624425765159,1
SIM,Basic Materials,0.0192,0.0193,0.0002,19.9033,-0.0261,-30.416671219799078,0
TMQ,Basic Materials,-0.2691,0.0,0.0,0.0,0.0,-50.0,0
TRX,Basic Materials,-0.0485,0.0,0.0,0.0,0.0,-57.8124973806552,0
UAMY,Basic Materials,-0.1228,-0.1481,0.0673,0.0,-0.0226,-61.84210588231971,0
USAP,Basic Materials,0.0199,0.0197,0.4266,43.3621,0.1371,-62.82512986418747,0
USLM,Basic Materials,0.1252,0.1293,0.1077,20.9971,0.1202,-22.92690725928491,0
WRN,Basic Materials,-0.0396,0.0,0.0,0.0,0.0,-55.00000000000001,0
PFE,Healthcare,0.1281,0.1842,0.5145,21.6319,-0.0384,6.4726771164408206,1
BMY,Healthcare,0.1349,0.1262,0.5273,48.7851,-0.0309,18.29402744976084,1
GILD,Healthcare,0.7845,0.4862,0.8041,11.8566,1.2219,7.888132292416955,1
MRK,Healthcare,0.245,0.2822,0.44,13.784,-0.0408,-4.560273509730981,0
JNJ,Healthcare,0.1868,0.1939999999999999,0.2455,18.1603,0.0423,1.1905740029319023,1
BSX,Healthcare,-0.0184,-0.0161,0.6573,0.0,0.0332,39.48562905893195,1
ABT,Healthcare,0.1056,0.1128,0.3618,30.0133,0.03,2.1440156318566066,1
WBA,Healthcare,0.0942,0.0253,0.2189,29.5616,0.0578,13.91493661723583,1
CDNA,Healthcare,0.0189,0.0286,0.2763,55.7692,0.2357,-11.418682631900914,0
MDT,Healthcare,0.1576,0.1802,0.6135,19.0229,0.025,9.107948118022785,1
CVS,Healthcare,0.1223,0.0333,0.3396,24.1985,0.0994,4.210520704719567,1
UNH,Healthcare,0.1731,0.0431,0.5363,17.4896,0.0652,18.63508999939808,1
CNC,Healthcare,0.1554,0.0164,0.504,22.2854,0.5244,26.024504060146857,1
CI,Healthcare,0.1951,0.0602,0.4758,12.9122,0.0783,42.34949512239916,1
SYNH,Healthcare,-0.0598,-0.0199,1.0613,0.0,0.1846,94.58482843043495,1
CELG,Healthcare,0.3065,0.2607,1.0532,44.9237,0.1812,5.496833754130657,1
BIIB,Healthcare,0.2715,0.3025,0.054,27.3309,0.3997,-10.426596486619417,0
GSK,Healthcare,0.6465,0.1198,4.4063,23.944000000000003,-0.1834,0.5146346941643082,1
TEVA,Healthcare,0.131,0.1507,0.4429999999999999,16.0642,-0.0021,19.392223196191978,1
MYL,Healthcare,0.2855,0.1204,2.6117,22.6386,0.1173,-4.046138138484549,0
XRAY,Healthcare,0.1391,0.1105,0.5436,23.364,-0.0096,17.808506952062963,1
ALXN,Healthcare,0.1989999999999999,0.2941,0.0498,55.7319,0.44,2.224005230837014,1
ENDP,Healthcare,-0.3037,-0.303,1.7924,0.0,0.1205,-15.148995251587609,0
AMGN,Healthcare,0.2001,0.2571,1.1915,23.425,0.0743,3.565378509741989,1
TLGT,Healthcare,0.1342,0.1556,2.6474,80.0,0.8514,-1.8743118193372768,0
PDCO,Healthcare,0.1363,0.0559999999999999,0.4926,20.6131,-0.0143,-5.186343358649031,0
BKD,Healthcare,-0.0517,-0.0389,2.1675,0.0,0.3249,-49.70027601984682,0
BDX,Healthcare,0.2345,0.1403,0.7859,18.5661,0.0487,12.065701083040633,1
ANTM,Healthcare,0.106,0.0348,0.6203,13.4984,0.0401,13.06360855784438,1
ZBH,Healthcare,0.11,0.1541,0.2176,26.6244,0.0108,-8.122875416940934,0
DXCM,Healthcare,-0.1598,-0.0864,0.0328,0.0,0.62,50.24766840531304,1
LLY,Healthcare,0.1555,0.1219,0.5218,30.9372,-0.1513,23.477397711614906,1
HSIC,Healthcare,0.1657,0.0449,0.26,19.5072,0.0848,15.602159238470142,1
CYH,Healthcare,0.023,0.0049,4.2258,54.3439,0.4539999999999999,-50.69689671958534,0
BAX,Healthcare,0.3075,0.233,1.1119,8.6356,0.1387,-0.8082384247446768,0
AGN,Healthcare,-0.0576,-0.3487,0.5482,0.0,0.7969,20.639373042809,1
A,Healthcare,0.1036,0.1356,0.3137,23.965,0.0395,4.179245535338459,1
MNK,Healthcare,-0.0644,0.0343,0.7856,0.0,-0.1673,-23.030117617472893,0
AZN,Healthcare,0.0629,0.0465,0.5525,71.8163,0.0287,6.47192103401333,1
DHR,Healthcare,0.1111,0.2019,0.1486,17.5624,-0.2962,9.47159300701546,1
PDLI,Healthcare,0.6999,0.5544,0.9811,3.7794,0.2739,-48.39721774269552,0
PKI,Healthcare,0.0773,0.0762,0.5124,31.3786,-0.0407,22.205430465383163,1
UHS,Healthcare,0.146,0.0665,0.8776,20.1558,0.1136,8.022200973811628,1
ACHC,Healthcare,0.0943,0.0827,1.2255,40.5364,0.4082,4.134710838885516,1
NVS,Healthcare,0.1443,0.1904,0.2884,19.7218,0.0174,-4.093343467871145,0
BMRN,Healthcare,-0.0877,-0.1788,0.4208,0.0,0.3661,13.659546726048529,1
INSM,Healthcare,-0.425,0.0,0.1335,0.0,-1.0,13.721801849303564,1
HZNP,Healthcare,-0.488,-0.8877,0.6396,0.0,3.012,69.29687307332645,1
AKBA,Healthcare,-0.3558,0.0,0.0,0.0,0.0,12.347826750382133,1
TMO,Healthcare,0.0922,0.1122,0.7088,26.3214,0.2902,11.23437872986788,1
QGEN,Healthcare,0.0439,0.0865,0.4423,48.7734,0.0329,18.31408287924312,1
LIVN,Healthcare,0.2118,0.1946,0.0,31.9315,0.1089,-15.10081699872298,0
DGX,Healthcare,0.1293,0.0748,0.87,17.5091,0.0404,5.369226296752549,1
SGMO,Healthcare,-0.1278,-0.5759,0.0,0.0,0.9007,-40.20956227411909,0
MCK,Healthcare,0.1482,0.0092,1.2431,32.0454,0.1244,-4.339822980014956,0
ABC,Healthcare,0.1401,0.0023,1.0198,63.8843,0.3594,16.000193073674275,1
VNDA,Healthcare,0.1255,0.4025,0.0,24.6897,0.4805,-36.14540145175657,0
EW,Healthcare,0.3701,0.3492,0.2729,16.7165,0.1356,23.676797059302118,1
IONS,Healthcare,-0.1512,-0.182,1.7759,0.0,0.4541,0.5847013352865509,1
ZTS,Healthcare,0.4447,0.1218,2.7696,37.0948,0.0491,11.451098391439109,1
SYK,Healthcare,0.0599,0.0532,0.4622,69.3603,0.0725,0.3752055329998,1
PCRX,Healthcare,-0.0801,-0.0694,0.6024,0.0,1.3105,-15.837349064625672,0
ILMN,Healthcare,0.2416,0.1898,0.8826,72.6169,0.3097,3.5217338171619823,1
ISRG,Healthcare,0.1239,0.1965,0.0,46.6067,-0.0589,3.917647657241562,1
PODD,Healthcare,-0.6143,-0.2226,2.0239,0.0,-0.0638,-16.31252519279081,0
CAH,Healthcare,0.1822,0.0128,0.6205,20.0468,-0.099,12.851987927584563,1
DVA,Healthcare,0.1399,0.0565,1.6282,22.2111,0.0876,-8.070687852833077,0
AMPE,Healthcare,-0.4735,0.0,0.0,0.0,-1.0,-6.666666666666668,0
HUM,Healthcare,0.1189,0.0236,0.4312,19.3051,0.174,25.6292635585094,1
OMI,Healthcare,0.0671,0.0069999999999999,0.6142,33.1226,0.0406,6.15577423054975,1
RMD,Healthcare,0.1964,0.222,0.1711,20.75,0.0268,-4.1847063055595655,0
GRFS,Healthcare,0.1769,0.1401,1.6374,20.3435,0.0771,-3.814521923670768,0
WMGI,Healthcare,-0.9314,-0.8713,1.0091,0.0,0.2298,-3.7037048290328993,0
ESPR,Healthcare,-0.2724,0.0,0.0365,0.0,0.0,-46.010185602649535,0
LH,Healthcare,0.1812,0.085,1.0742,17.8939,0.035,10.967511597131807,1
MOH,Healthcare,0.0614,0.0064,0.8782,40.2481,0.4671,14.686249700783096,1
COO,Healthcare,0.105,0.1571,0.5379,29.2157,0.0819,-16.413442864628337,0
BRKR,Healthcare,0.074,0.0313,0.4635,57.7059,-0.0166,23.63728797213845,1
NBIX,Healthcare,-0.2901,0.0,0.0,0.0,-1.0,147.67950664139792,1
HAE,Healthcare,0.0419,0.0375,0.5224,47.9265,0.0522,-12.67604746095308,0
LMNX,Healthcare,0.122,0.172,0.0,19.9574,0.0635,13.65567392496956,1
BEAT,Healthcare,-0.1538,-0.0588,0.3885,0.0,0.2863,16.683317064024607,1
SNY,Healthcare,0.0782,0.1399,0.264,22.5591,-0.1081,-3.1812483871658688,0
SPPI,Healthcare,-0.1796,-0.2447,0.3783,0.0,0.1988,-15.664333854830897,0
ONCS,Healthcare,-0.3155,0.0,0.0,0.0,0.0,-74.2391296055006,0
SGEN,Healthcare,-0.3611,-0.2655,0.0,0.0,0.065,37.92255625505999,1
TFX,Healthcare,0.0982,0.102,0.5589999999999999,25.2907,0.0846,15.881241828235636,1
QDEL,Healthcare,-0.0289,-0.0384,0.584,0.0,0.0385,-24.285711560930533,0
LCI,Healthcare,0.1939,0.2086,0.0039,29.1882,0.8124,-7.301293753556447,0
WST,Healthcare,0.1328,0.0894,0.3506,29.743,0.0387,16.389454755910947,1
MRNS,Healthcare,-0.2632,0.0,0.1701,0.0,0.0,-33.56521855229917,0
ALGN,Healthcare,0.1937,0.1915,0.0,30.8895,0.1537,17.170814199606273,1
NUVA,Healthcare,-0.0261,-0.0219,0.5636,0.0,0.1127,16.016297852613313,1
BIOS,Healthcare,-0.6802,-0.1598,1.9548,0.0,0.3248,-73.9583325202739,0
ARAY,Healthcare,-0.3597,-0.096,1.9849,0.0,0.1691,-6.3800282345795445,0
PRGO,Healthcare,0.0268,0.0595,0.3689,72.1584,0.1057,-12.84081702395626,0
MDCO,Healthcare,-0.035,-0.0488,0.268,0.0,0.0562,40.2178044661755,1
MMSI,Healthcare,0.0528,0.0451,0.5158,32.6981,0.135,10.130338132929325,1
VAR,Healthcare,0.2497,0.1324,0.2707,18.2838,0.0363,-7.147778389555263,0
DRNA,Healthcare,-0.4875,0.0,0.0,0.0,0.0,-32.518477643033265,0
CRL,Healthcare,0.1885,0.0976,1.1491,23.6912,0.1134,25.845331943449093,1
FGEN,Healthcare,-0.2688,-0.4324,0.4373,0.0,0.3468,10.880639814140396,1
ACHN,Healthcare,-0.481,0.0,0.0033,0.0,0.0,-19.054763513808396,0
SNN,Healthcare,0.124,0.1085,0.422,32.7451,0.0611,0.7640986644900389,1
HRC,Healthcare,0.0751,0.0359,0.6088,39.4571,-0.0175,7.519961477873073,1
EGRX,Healthcare,-0.5432,-0.9413,0.0,0.0,0.3962,400.6775988299584,1
CRBP,Healthcare,-0.4333,0.0,0.0246,0.0,0.0,-41.901407534346326,0
MTD,Healthcare,0.47,0.1361,0.6281,25.8292,0.045,12.313293980027687,1
CBPO,Healthcare,0.3344,0.2915,0.4616,23.5895,0.1962,110.428379816295,1
ICLR,Healthcare,0.1815,0.1147,0.0,18.2107,0.1252,50.55221086871617,1
IOVA,Healthcare,-0.2684,0.0,0.0,0.0,0.0,-4.0993837605498,0
OSUR,Healthcare,-0.0291,-0.0433,0.0,0.0,0.076,-35.27638009375912,0
ELGX,Healthcare,-0.2611,-0.2197,0.5671,0.0,0.1159,-33.867734122781165,0
CUTR,Healthcare,-0.1318,-0.1358,0.0,0.0,0.0475,17.771642414271394,1
RARE,Healthcare,-0.3493,0.0,0.0,0.0,0.0,141.7672340864236,1
CBM,Healthcare,0.2281,0.153,0.2388,11.6237,0.1774,118.21130824406816,1
FLXN,Healthcare,-0.1884,0.0,0.0246,0.0,0.0,-4.698312996298593,0
CFMS,Healthcare,-0.9176,-0.9489,0.2131,0.0,0.3928,15.266672770182293,1
ENZ,Healthcare,-0.27,-0.104,0.0815,0.0,0.0239,1.1235998399541551,1
CDXS,Healthcare,-0.7248,-0.5401,0.0,0.0,0.106,51.61290598240932,1
OTIC,Healthcare,-0.2791,0.0,0.0,0.0,0.0,-19.565217391304348,0
CPRX,Healthcare,-0.4401,0.0,0.0,0.0,0.0,-16.666666666666664,0
GBT,Healthcare,0.4218,0.0,0.0,0.0,0.0,1993.9119955966685,1
SEM,Healthcare,0.1631,0.0394,2.1294,15.8242,0.03,-14.662276965926864,0
IVC,Healthcare,-0.0992,-0.0441,0.036,0.0,-0.0482,6.9187636066711855,1
EHC,Healthcare,0.4691,0.0935,4.4615,15.6341,0.0566,-3.869662052788143,0
MYGN,Healthcare,0.2451,0.2264,0.0,16.7039,0.2691,24.703840179948784,1
LHCG,Healthcare,0.0685,0.0298,0.1915,24.5512,0.1145,46.52216479813143,1
ABIO,Healthcare,-0.6573,0.0,0.0,0.0,0.0,-36.12637268266736,0
SRRA,Healthcare,0.2214,0.0,0.0,0.0,0.0,-51.16883008309971,0
UTHR,Healthcare,0.2738,0.264,0.1018,18.3414,0.1536,22.61019063212157,1
AMED,Healthcare,0.0322,0.0106,0.293,75.2564,-0.0359,35.86730811753459,1
GMED,Healthcare,0.158,0.195,0.0,24.2551,0.0919,17.284993676881786,1
VERU,Healthcare,0.0867,0.0993,0.0,38.7778,-0.2215,-62.82051250701042,0
CSU,Healthcare,-0.1709,-0.0628,4.8262,0.0,0.0958,-15.649005271007791,0
IART,Healthcare,0.0483,0.0427,0.8945,52.1442,0.1433,26.952612013774363,1
CNAT,Healthcare,-0.672,0.0,0.0301,0.0,0.0,-64.40049369443285,0
ADMS,Healthcare,0.061,0.1606,0.0,28.95,-0.2145,61.92109814426643,1
RMTI,Healthcare,-0.3104,-0.3936,0.0,0.0,0.0345,0.8867010440432186,1
ALKS,Healthcare,-0.0215,-0.0486,0.2547,0.0,0.0751,36.29806827901811,1
SBBP,Healthcare,-0.5138,0.0,0.0,0.0,0.0,-24.00000095367432,0
WCG,Healthcare,0.0399,0.0049,0.5639,56.5931,0.3602,-3.289234044476152,0
NVRO,Healthcare,-0.1783,-0.9419,0.1134,0.0,0.3861,73.32477744253494,1
FMS,Healthcare,0.1107,0.066,1.0024,21.4682,0.0836,15.645295571316955,1
RDY,Healthcare,0.2369,0.1628,0.4927,20.7722,0.0315,-7.133298439732809,0
RDUS,Healthcare,-0.9845,0.0,0.3844,0.0,0.0,49.33269178041488,1
MGLN,Healthcare,0.07,0.0211,0.238,20.1443,0.0603,4.3669565612661785,1
ADMP,Healthcare,-0.6692,0.0,0.0346,0.0,0.0,-12.052113798199867,0
ACRS,Healthcare,0.4104,0.0,0.0,0.0,0.0,144.90909576416016,1
MD,Healthcare,0.1401,0.1301,0.2512,20.5311,0.1323,8.444312464338239,1
ZGNX,Healthcare,0.1553,0.2966,0.4188,22.8333,-0.1231,29.753523033376165,1
VIVO,Healthcare,0.2158,0.184,0.0,21.0595,0.0008,30.80505247216701,1
ACOR,Healthcare,0.0327,0.044,0.5387,95.0465,0.1934,5.603556040033324,1
LGND,Healthcare,0.4569,0.1863,7.4439,90.1864,0.3178,101.78670964573156,1
BIO,Healthcare,0.0407,0.0408,0.1995,39.1429,0.0199,15.213963789061026,1
VBLT,Healthcare,-0.4959,0.0,0.0,1.9126,0.0,-22.074070683232065,0
TVTY,Healthcare,-0.0183,-0.0137,0.8264,0.0,-0.389,-33.6597930998614,0
TECH,Healthcare,0.1395,0.3101,0.0163,30.7542,0.1519,-0.2495701817566122,0
ATRA,Healthcare,-0.2714,0.0,0.0,0.0,0.0,-1.0861457200026574,0
GLYC,Healthcare,-0.2189,-0.7401,0.0,0.0,2.7637,-23.11828298118845,0
ICUI,Healthcare,0.0518,0.0852,0.0,47.6163,-0.0142,40.15160565236964,1
SYBX,Healthcare,0.3302,0.0,0.0,0.0,0.0,-10.714285714285714,0
LMAT,Healthcare,0.0574,0.0551,0.0,31.875,0.1014,123.83972571653491,1
BLRX,Healthcare,-0.3482,0.0,0.0,0.0,0.0,-23.976607056505927,0
CMD,Healthcare,0.1185,0.0885,0.2204,31.9333,0.1499,45.72599603411327,1
ADUS,Healthcare,0.0957,0.0391,0.0286,21.6696,0.1767,-3.0807650167174896,0
HIIQ,Healthcare,-0.0088,-0.0038,0.0,0.0,0.5671,-9.703507542124257,0
SIEN,Healthcare,-0.0608,-0.1299,0.2659,0.0,0.2719,-64.1863289148156,0
ITGR,Healthcare,0.0669,0.0546,0.3644,29.0066,0.0275,7.891492323529289,1
RGEN,Healthcare,0.0731,0.1286,0.0,79.2,-0.0678,40.7462705404126,1
EBS,Healthcare,0.0664,0.0908,0.4537,27.7857,0.2933,48.73605534913096,1
SAGE,Healthcare,-0.2774,0.0,0.0,0.0,0.0,50.64598989075674,1
CALA,Healthcare,-0.2163,0.0,0.0,0.0,0.0,-63.349282357782286,0
ARDX,Healthcare,-0.053,-0.1016,0.0,0.0,0.0932,-10.562681961857736,0
TRVN,Healthcare,-0.501,0.0,0.0172,0.0,-1.0,85.84070482776093,1
LJPC,Healthcare,-0.4398,0.0,0.0,0.0,0.0,50.50166776050378,1
VSTM,Healthcare,-0.6012,0.0,0.0,0.0,0.0,-80.31745976881925,0
ENTA,Healthcare,0.2317,0.7214,0.0,21.0479,0.4894,-34.54905855616924,0
HBIO,Healthcare,0.0247,0.0217,0.2247,81.0,0.0332,-36.79416806417308,0
INGN,Healthcare,0.0578,0.0607,0.0052,95.0606,0.4917,28.370159270636712,1
PEN,Healthcare,0.0673,-0.0066,0.0,0.0,0.4126,9864.814673161807,1
ANIP,Healthcare,0.2057,0.5136,0.7622,21.6054,0.8606,-20.81066899640532,0
PRSC,Healthcare,0.0916,0.0186,2.5958,26.5985,0.3682,24.75404787957201,1
FATE,Healthcare,-0.9133,0.0,0.6919,0.0,-1.0,-34.435798188779465,0
AMPH,Healthcare,-0.038,-0.0508,0.155,0.0,-0.0837,20.18580539567013,1
CNMD,Healthcare,0.0554,0.0435,0.4153,38.4274,-0.0297,-0.5040676474687309,0
CYTK,Healthcare,-0.1591,-0.312,0.0,0.0,0.5316,41.92673270785927,1
FONR,Healthcare,0.4107,0.1518,0.4493,7.5309,0.3939999999999999,68.22611933569985,1
CRY,Healthcare,0.0492,0.0506,0.0,43.5769,0.0275,-3.071986291085819,0
AGIO,Healthcare,-0.1261,-0.8186,0.0,0.0,1.5582,-40.85277249870243,0
CO,Healthcare,0.0919,0.2303,0.5838,15.5099,0.0927,36.9892237974212,1
EARS,Healthcare,-0.3413,0.0,0.0,0.0,0.0,24.111675126903556,1
HSKA,Healthcare,0.0695,0.0289999999999999,0.0111,41.2045,0.1468,114.5313301836164,1
USPH,Healthcare,0.1308,0.0627,0.2435,26.7261,0.1553,34.09485452468244,1
TARO,Healthcare,0.3549,0.4746,0.0176,13.6364,0.1316,4.8365179858127405,1
ASMB,Healthcare,-0.4062,0.0,0.0,0.0,0.0,-4.695429951593769,0
CHE,Healthcare,0.22,0.0682,0.3268,18.2504,0.0304,43.71057543606848,1
MEIP,Healthcare,-0.6007,0.0,0.0,0.0,0.0,-63.04849764356543,0
XENT,Healthcare,-0.3412,-0.4759,0.0,0.0,1.152,22.950824798034706,1
AFMD,Healthcare,-0.0081,-0.0766,0.1225,0.0,-0.4149,14.102566453832226,1
EIGR,Healthcare,-0.021,0.0,0.0,0.0,0.0,-92.71194839639224,0
ATRC,Healthcare,-0.1223,-0.1509,0.0306,0.0,0.3122,13.44792596093291,1
SRDX,Healthcare,0.1218,0.2095,0.0,20.6364,0.0233,-8.322026692873226,0
ENSG,Healthcare,0.1389,0.035,0.2642,25.953000000000003,0.1358,5.470347782828536,1
ALDX,Healthcare,-0.8255,0.0,0.1994,0.0,0.0,-7.1232872238345415,0
CSII,Healthcare,-0.2321,-0.2583,0.0158,0.0,0.3149,-48.84979648602625,0
RTIX,Healthcare,0.0161,0.0103,0.4522,0.0,0.3275,-22.912622231184912,0
NEOG,Healthcare,0.0919,0.1138,0.0,48.0223,0.1922,15.86716517237267,1
GNMX,Healthcare,-0.6214,0.0,0.0,0.0,0.0,14.015146623356364,1
GALT,Healthcare,-0.7449,0.0,0.0,0.0,0.0,-51.76470765605512,0
DFFN,Healthcare,-0.3761,0.0,0.0,0.0,0.0,-69.23076923076923,0
OFIX,Healthcare,-0.0285,-0.0212,0.0,0.0,0.0117,31.88698179684947,1
GLMD,Healthcare,-0.2898,0.0,0.0,0.0,0.0,30.53173641684761,1
ZFGN,Healthcare,-0.3493,0.0,0.0724,0.0,0.0,-79.65717999245572,0
KIN,Healthcare,-0.2741,0.0,0.0,0.0,0.0,-54.30107433846376,0
PLXP,Healthcare,-0.5234,0.0,0.0,0.0,0.0,-9.531504800224877,0
APTO,Healthcare,-0.3711,0.0,0.0186,0.0,0.0,-57.8333338101705,0
VCYT,Healthcare,-0.7099,-0.7691,0.119,0.0,0.7451,-23.80952429008533,0
CGEN,Healthcare,-0.1045,-0.8971,0.0,0.0,2.4846,-25.69767926692168,0
CLLS,Healthcare,0.0003,0.0008,0.0606,0.0,0.8298,-25.22891400808312,0
FBIO,Healthcare,-0.2891,0.0,0.1986,0.0,0.0,16.24999379118308,1
GLPG,Healthcare,0.1611,0.3689,0.0008,13.8995,-0.1796,239.70826737214864,1
AGRX,Healthcare,-0.4465,0.0,0.4119,0.0,0.0,54.43037917380571,1
SPNE,Healthcare,-0.2689,-0.177,0.0,0.0,-0.0538,-14.099998474121096,0
INFU,Healthcare,0.0723,0.0505,0.5486,21.0,0.0675,3.071669355588772,1
MGNX,Healthcare,-0.3159,-0.8016,0.0,0.0,-0.1764,-11.967029435192757,0
REPH,Healthcare,-0.8524,0.0,0.0,0.0,0.0,210.34482505743907,1
FVE,Healthcare,-0.3766,-0.0643,0.3799,0.0,0.0241,-21.674875782741147,0
ASND,Healthcare,-0.2108,-0.6907,0.0,0.0,-0.3969,-2.7084451988752822,0
ANIK,Healthcare,0.2152,0.3629,0.0,15.6092,0.4064,-4.024141201370643,0
UTMD,Healthcare,0.1763,0.2756,0.0754,19.7533,0.0194,3.458767955754668,1
SNOA,Healthcare,0.3096,0.2733,0.0122,6.9815,-0.1155,-17.857142857142858,0
NHC,Healthcare,0.0727,0.0612,0.0635,19.3951,0.1049,2.062279746619308,1
INFI,Healthcare,-0.0831,-0.1056,0.0,0.0,0.0,-54.09356883325479,0
BIOL,Healthcare,-0.45,-0.3971,0.0,0.0,-0.1555,-68.18181916701893,0
MNOV,Healthcare,-0.4178,0.0,0.0,0.0,-1.0,7.5757576852243265,1
OXFD,Healthcare,-0.3659,-0.4479,0.0098,0.0,0.2764,-15.565344371308406,0
PFNX,Healthcare,-0.1636,-0.9201,0.0637,0.0,-0.1066,65.06666819254558,1
RVP,Healthcare,-0.0878,-0.0682,0.1332,0.0,0.1213,-38.00000190734863,0
ACHV,Healthcare,-0.7704,-0.9677,0.0073,0.0,-0.0926,-47.844824570860006,0
ALT,Healthcare,-0.5448,-0.977,0.0408,0.0,-0.4311,-6.285716465541295,0
CPIX,Healthcare,0.03,0.0657,0.0,42.7143,0.1522,-14.192493789837876,0
LPCN,Healthcare,-0.7729,0.0,0.0,0.0,0.0,139.4444458671067,1
TTNP,Healthcare,-0.2791,-0.6591,0.0,0.0,-0.6521,70.9872295467998,1
FWP,Healthcare,-0.0855,0.0,0.0,0.0,0.0,-9.480699339666646,0
ALBO,Healthcare,-0.6199,0.0,0.0,0.0,0.0,-75.53956925024734,0
JYNT,Healthcare,-0.1939999999999999,-0.4259,0.0,0.0,0.1945,-5.388275050254935,0
AKER,Healthcare,-0.2123,-0.7099,0.0,0.0,0.2374,-67.2972973901801,0
ATRI,Healthcare,0.1859,0.1976,0.0,23.9444,0.0664,12.463655121901429,1
AHPI,Healthcare,-0.1247,-0.0771,0.0,0.0,-0.0566,-36.72316289053839,0
BSTC,Healthcare,0.1536,0.3308,0.0,53.6389,-0.0267,9.227252298006013,1
CHEK,Healthcare,0.7385,0.0,0.0,0.0,0.0,-68.91447287586034,0
DRAD,Healthcare,0.0758,0.0445,0.0,33.5385,0.1262,42.38109365185921,1
EDAP,Healthcare,-0.0338,-0.0191,0.2084,0.0,-0.021,68.57142996162436,1
IRMD,Healthcare,0.0981,0.131,0.0,56.087,0.3803,119.84314264035692,1
NVUS,Healthcare,-0.2251,0.0,0.0,0.0,0.0,-41.04124183226062,0
SLS,Healthcare,-0.9878,0.0,0.2267,0.0,0.0,-5.769230769230767,0
TNXP,Healthcare,-0.7652,0.0,0.0,0.0,0.0,29.56081081081081,1
TRIB,Healthcare,0.0874,0.1641,0.0,23.0395,0.1497,-34.39944409581623,0
XENE,Healthcare,0.1789,0.4589,0.0,4.8054,0.0371,-57.0053495517119,0
AKTX,Healthcare,-0.8759999999999999,0.0,0.24,0.0,0.0,-69.79166666666666,0
ALPN,Healthcare,0.9305,0.0,0.0,0.0,0.0,-48.1233261961166,0
AMS,Healthcare,-0.0444,-0.0618,1.6645,0.0,-0.1232,-36.5517250734617,0
ATEC,Healthcare,-0.0865,-0.0833,0.555,0.0,-0.2447,-78.5714281659548,0
BASI,Healthcare,-0.1122,-0.0435,0.631,0.0,0.114,-28.301883821769056,0
BLFS,Healthcare,-0.2726,-0.5198,0.0,0.0,-0.3083,32.31707897695459,1
BMRA,Healthcare,-0.0365,-0.0421,0.0,0.0,-0.2089,57.31706989088061,1
BPTH,Healthcare,-0.303,0.0,0.0,0.0,0.0,-53.007518796992464,0
BVXV,Healthcare,-0.4681,0.0,0.0,0.0,0.0,-20.799999237060547,0
CANF,Healthcare,-0.9716,0.0,0.0,0.0,0.0,-22.546419402326308,0
CCM,Healthcare,0.0694,0.2055,0.5028,14.369000000000002,0.0554,-8.415944453783112,0
CEMI,Healthcare,-0.0577,-0.0411,0.0,0.0,-0.0644,37.726100292534056,1
CHMA,Healthcare,0.0279,-0.1527,0.0,0.0,-0.82,-2.1500015258789062,0
DVCR,Healthcare,0.4027,0.0138,4.1062,12.6,0.3227,-7.53791515165306,0
DYNT,Healthcare,-0.0451,-0.0099,0.8452,0.0,-0.0709,-23.11688022159924,0
ELMD,Healthcare,-0.1013,-0.0832,0.102,0.0,0.0254,-28.030306793222376,0
EVFM,Healthcare,-0.1658,0.0,0.1493,0.0,0.0,-81.11413002399131,0
ICCC,Healthcare,-0.0181,-0.022,0.0968,0.0,0.2646,47.265627546585215,1
KMDA,Healthcare,-0.1643,-0.1859,0.0932,0.0,0.0063,4.534006686650187,1
LAKE,Healthcare,-0.0027,-0.0013,0.3971,0.0,-0.0392,28.387089629079146,1
MICR,Healthcare,0.091,0.0274,0.5988,32.0833,0.1279,-29.381445136076785,0
MLSS,Healthcare,-0.1162,-0.1647,0.0,0.0,0.0321,0.0,1
MSON,Healthcare,0.0852,0.0817,0.0,35.5789,0.1506,-21.991705645300748,0
NNVC,Healthcare,-0.5820000000000001,0.0,0.1728,0.0,0.0,-56.29629558987088,0
ORMP,Healthcare,-0.2739,0.0,0.0,0.0,0.0,71.00000381469727,1
PDEX,Healthcare,-0.053,-0.0451,0.0016,0.0,-0.1173,-1.2244886043219934,0
PMD,Healthcare,0.2498,0.1098,0.4867,25.25,0.0869,-29.57107292958853,0
PRPH,Healthcare,-0.7311,-0.355,0.0,0.0,-0.1183,5.633814630863541,1
SSY,Healthcare,-0.0164,-0.0074,0.3754,0.0,-0.2245,-34.28571197451373,0
VXRT,Healthcare,-0.1266,-0.3054,0.0,0.0,-0.5761,-21.138209261806026,0
XBIT,Healthcare,-0.368,0.0,0.0,0.0,0.0,-53.24731232017599,0
XTLB,Healthcare,-0.5423,0.0,0.0,0.0,0.0,-27.31958423338397,0
KMI,Energy,0.0301,0.0632,1.2564,47.5393,0.1532,-63.20324900223525,0
XOM,Energy,0.1865,0.0789,0.1669999999999999,12.1645,-0.06,-13.148794585154716,0
HAL,Energy,0.2152,0.1065,0.4782,9.523,0.118,-12.290072462591848,0
MRO,Energy,0.1449,0.2706,0.3027,6.3147,-0.0446,-54.63823823727671,0
SWN,Energy,0.1982,0.2288,1.4944,10.3764,0.1979,-73.83143130824669,0
SLB,Energy,0.1437,0.1119,0.3522,20.3357,0.0732,-16.027079064649698,0
DVN,Energy,0.0746,0.0779,0.5229,15.5751,0.985,-46.40382471411574,0
MPC,Energy,0.2348,0.0257,0.6141,10.2104,-0.0215,16.743705084184,1
COP,Energy,0.1323,0.1237,0.4347,12.4657,-0.0469,-28.862431736268768,0
CHK,Energy,0.1134,0.0829,0.6824,10.1399,0.212,-76.97847342615795,0
CVX,Energy,0.1241,0.0908,0.1794,10.9873,-0.0738,-16.46848608148743,0
NBR,Energy,-0.1366,-0.0985,0.8838,0.0,0.0898,-30.426876719480425,0
SRCI,Energy,0.1025,0.2073,0.1314,56.5263,1.2547,-33.01886573188092,0
APA,Energy,-0.3223,-0.6534,0.4336,0.0,-0.1338,-29.060764266014232,0
KOS,Energy,0.2086,0.3165,0.5589,11.4932,0.0359,-38.679246156979865,0
LPI,Energy,0.1699,0.3345,1.1383,5.5053,0.1934,-26.697247240862627,0
PTEN,Energy,0.0559999999999999,0.0511,0.3391,14.8125,0.1717,-7.224188331973151,0
QEP,Energy,0.1925,0.2382,0.5577,4.6376,0.2265,-32.649271050859284,0
RIG,Energy,-0.1345,-0.2002,0.7352,0.0,-0.0069,-27.500051381285328,0
DNR,Energy,0.1114,0.261,0.6261,4.467,-0.0325,-73.42202973208822,0
EOG,Energy,0.1646,0.1617,0.3337,17.1772,0.2449,-22.66327270207281,0
OAS,Energy,0.2707,0.3646,1.4264,3.2495,0.2174,-56.74882928648599,0
HES,Energy,0.1043,0.2026,0.2696,9.675,-0.1846,-33.50013577445955,0
CVE,Energy,0.073,0.0379,0.5358,24.4487,-0.036,-36.511385710538825,0
FTI,Energy,0.1001,0.0433,0.5988,10.9465,0.1386,-34.44420986563544,0
MDR,Energy,-0.0511,-0.033,0.5809,0.0,-0.1347,10.197371895238456,1
ECA,Energy,0.3502,0.423,0.7579,3.0284,0.3689,-61.92299662187886,0
RES,Energy,0.2274,0.1049,0.2082,11.4386,0.2557,-9.143291069297662,0
WMB,Energy,0.2409,0.2768,2.4589,15.2857,0.1133,-39.517434763895466,0
SU,Energy,0.0649,0.0667,0.3204,20.0695,-0.08,-15.33597439056892,0
PE,Energy,0.0331,0.0775,1.0436,24.5538,1.499,15.168542413249808,1
PAA,Energy,0.1702,0.0318,1.2285,21.4728,0.0288,-52.79243594454981,0
VLO,Energy,0.1756,0.0277,0.3088,7.1948,-0.0524,44.37527023623048,1
AR,Energy,0.1537,0.2476,0.9952,15.7899,1.0719,-47.77349618459437,0
SM,Energy,0.2913,0.2641,1.02,3.893,0.0998,-48.64630901313768,0
EPD,Energy,0.1543,0.0581,1.1827,23.9205,0.0047,-26.989222300624128,0
NBL,Energy,0.1176,0.2373,0.5877,14.1161,0.0199,-28.50942767577693,0
WLL,Energy,0.0114,0.0214,0.9837,62.2642,0.0694,-71.55769818927726,0
CRZO,Energy,0.2051,0.3187,1.2247,8.3367,0.3653,-29.20057255156324,0
CLR,Energy,0.1967,0.2035,1.1935,14.4755,0.4032,-40.7579336730347,0
PXD,Energy,0.1084,0.1834,0.3086,23.2578,0.3866,-16.304217926874326,0
WPX,Energy,0.038,0.065,0.5233,14.358,0.0378,-51.80520701379025,0
WTI,Energy,-0.0229,-0.0123,2.6548,0.0,-0.036,-68.9098250854729,0
XEC,Energy,0.1169999999999999,0.2172,0.3295,17.6373,0.2133,-15.902209595903688,0
SGU,Energy,0.1321,0.0184,0.4559,10.0175,0.1263,27.30052378031931,1
NOV,Energy,0.1209,0.1167,0.153,11.2017,0.1154,-46.64615167713736,0
CPE,Energy,0.0871,0.2487,0.7414,8.1343,0.4806,55.01858689931593,1
BP,Energy,0.0339,0.0105,0.4743,30.9165,-0.0947,-12.79639723798904,0
MUR,Energy,0.1056,0.1654,0.3479,9.9842,0.016,-53.85416213008229,0
CXO,Energy,0.1019,0.2023,0.6745,20.3988,0.1467,-8.0684994835682,0
HLX,Energy,0.118,0.1762,0.3335,11.7297,0.2631,-75.7156035736986,0
HP,Energy,0.1445,0.1901,0.0162,15.0107,0.0969,-17.024312630114558,0
PBF,Energy,-0.0314,-0.0019,1.0081,0.0,0.0353,44.72884026665478,1
CNQ,Energy,0.136,0.2083,0.4846,9.9674,0.0698,-26.50456683198124,0
CNX,Energy,0.0306,0.0509,0.6099,47.5929,-0.0289999999999999,-76.8341270190123,0
OII,Energy,0.2584,0.1169999999999999,0.4486,14.6294,0.1134,-34.715479938095086,0
PSX,Energy,0.2206,0.0289999999999999,0.4,8.5357,-0.0613,16.192672759666475,1
RRC,Energy,0.1835,0.2615,0.8766,14.0289,0.3703,-55.386439688894,0
FET,Energy,0.125,0.1002,0.3019,11.0266,0.1409,-40.525061649693534,0
FANG,Energy,0.1107,0.3909,0.3846,16.2888,1.3832,11.630242632994412,1
NOG,Energy,0.2124,0.2752,1.0464,2.0926,0.7721,-33.21799731865731,0
GTE,Energy,-0.1342,-0.3063,0.0,0.0,-0.1353,-44.78371400933594,0
ENB,Energy,0.0837,0.0373,2.1432,42.9778,0.047,-31.971792544774537,0
TRP,Energy,0.0965,0.1807,1.4884,23.1932,0.0601,-28.97394576085707,0
BTE,Energy,-0.053,-0.0868,0.8227,0.0,0.2559,-79.79495459407045,0
CRC,Energy,-0.5492,-0.3436,2.4358,0.0,-0.0259,-56.93084606901876,0
PEIX,Energy,0.0997,0.0192,0.1905,11.1075,0.2189999999999999,-56.307126205201605,0
PDS,Energy,0.0136,0.0141,0.7587,63.9916,0.0603,-32.05433134591939,0
TCP,Energy,0.1272,0.5119,1.2537,26.6742,-0.0147,-27.35829730325524,0
EQT,Energy,0.0844,0.1567,0.6508,16.1602,0.3264,-32.562696578864696,0
OIS,Energy,0.1335,0.0984,0.1099,14.6847,0.1169,-43.97615061278281,0
SEMG,Energy,0.0254,0.0138,0.6674,99.1159,0.4874,-57.12021294467555,0
PAGP,Energy,0.0422,0.0016,6.3518,53.5,0.0288,-63.03777863659909,0
REGI,Energy,0.1073,0.0649,0.3436,4.855,-0.1497,-5.1072523181640666,0
ENLC,Energy,0.0431,0.0353,0.7027,64.6545,0.5279,-56.30513551320929,0
MPLX,Energy,0.2648,0.1526,1.4092,47.4129,0.6317,-46.56574045391021,0
EC,Energy,0.1073,0.0765,0.7482,16.6052,-0.2188,-54.0857309169332,0
DO,Energy,0.0869,0.1375,0.5042,13.0177,-0.0362,-42.30574218256175,0
AROC,Energy,0.0356,0.0635,1.1847,35.8022,0.1117,-76.85610520923862,0
DNOW,Energy,0.059,0.0283,0.0,24.0467,-0.0445,-39.13043542076339,0
REI,Energy,0.0591,0.2211,0.0,30.8824,2.6924,-33.5532477015864,0
DRQ,Energy,0.1676,0.2242,0.0,14.6992,0.0672,-22.62573849645819,0
MTDR,Energy,0.1279,0.2563,0.3903,12.8038,0.6568,-4.261497225292607,0
NGL,Energy,0.0312,0.0049,1.0723,73.5882,1.1955,-57.38479388211114,0
HFC,Energy,0.0509,0.0142,0.1909,26.3944,-0.0197,6.882662873381031,1
MMP,Energy,0.4494,0.3557,1.5881,22.4011,0.2118,-16.566108121088575,0
GPOR,Energy,0.1077,0.3688,0.3064,14.3931,1.5528,-42.83387632268504,0
WES,Energy,0.2083,0.1878,1.7532,59.049,0.4126,-41.05720869053787,0
PDCE,Energy,0.1367,0.1815,0.5763,9.5092,1.1805,29.374704894878093,1
MRC,Energy,0.1031,0.0243,1.0404,10.7447,0.1342,-15.906131093786096,0
CPG,Energy,0.0501,0.1208,0.2896,22.0592,0.4446,-43.12669032759669,0
IMO,Energy,0.168,0.1024,0.3059,11.1859,0.0279,-22.732590113166943,0
DK,Energy,0.1983,0.0283,0.5863,8.071,-0.1938,-11.916183076690784,0
DCP,Energy,0.1413,0.1161,0.7665,15.9965,0.1937,-42.91079397251548,0
CNXM,Energy,0.0524,0.1181,0.1066,92.7692,0.9835,-59.14875676648501,0
TK,Energy,-0.0499,-0.0275,6.1143,0.0,0.0895,-79.41798964788647,0
YPF,Energy,0.1239,0.0634,0.6789,9.7805,0.2103,-39.44716403308999,0
NS,Energy,0.1228,0.0685,1.6469,27.5,-0.1122,-26.787779866815768,0
MCF,Energy,-0.0385,-0.0791,0.1117,0.0,1.1734,-78.41024004004596,0
SNP,Energy,0.0786,0.0165,0.5549,12.5443,-0.0386,-20.370551179869,0
TTI,Energy,-0.4589,-0.1575,2.5291,0.0,0.1849,24.2227755198185,1
EQM,Energy,0.2831,0.5822,0.6326,24.9292,0.382,-12.470369295993592,0
INT,Energy,0.121,0.0052,0.3718,14.8044,0.044,-18.42208555756032,0
BAS,Energy,-0.0243,-0.0056,2.7175,0.0,0.1808,-61.38328525813589,0
GEL,Energy,0.0864,0.0276,1.2864,35.9492,-0.0698,-13.1748307177647,0
HEP,Energy,0.2975,0.3173,2.444,24.925,0.0897,6.71077853692415,1
MTRX,Energy,0.1277,0.0284,0.0414,24.1103,0.4151,-7.643879825028205,0
TOT,Energy,0.047,0.02,0.6266,27.3797,-0.07,-6.952192786312582,0
ERF,Energy,0.1345,0.1699,0.5114,7.6403,0.2323,-61.67666843977656,0
NFG,Energy,0.1242,0.1417,0.7148,19.605,0.155,-37.090946547455815,0
USAC,Energy,0.0297,0.1126,0.7086,27.65,0.4485,-25.98319492915744,0
PBA,Energy,0.0604,0.0631,0.4515,39.5417,0.1101,-36.47161671972746,0
ENBL,Energy,0.0603,0.1574,0.2894,15.1484,0.3528,-49.437801041295,0
NR,Energy,0.1635,0.0914,0.2912,7.7561,0.073,-44.36248327552666,0
CLMT,Energy,-0.1385,-0.0194,2.0721,0.0,0.0682,-6.363313748796222,0
FTK,Energy,0.1752,0.1676,0.1439,18.9192,-0.138,-39.01919274621903,0
AXAS,Energy,0.3049,0.4729,0.3797,4.5938,0.449,-64.30976658018575,0
PTR,Energy,0.0911,0.0469,0.4587,11.649,-0.0099,-38.947604338602574,0
SSL,Energy,0.173,0.1459,0.1573,12.9038,0.1136,-24.900426805771044,0
E,Energy,0.0144,0.0087,0.4333,40.0482,-0.1231,-9.677015627551633,0
CRR,Energy,0.0716,0.0857,0.0322,16.6183,-0.0286,-55.76008339976697,0
ZN,Energy,-0.6422,0.0,0.0,0.0,0.0,34.78261019797467,1
FI,Energy,0.1312,0.138,0.0003,16.1456,0.0695,6.170401605862978,1
CVI,Energy,0.176,0.0191,0.6829999999999999,19.355,0.0138,3.531744860704781,1
NOA,Energy,-0.0062,-0.0025,0.6769,0.0,-0.2418,-43.41759622085623,0
GLP,Energy,0.1954,0.0066,1.013,8.3098,-0.1184,-42.89677256343849,0
AREX,Energy,0.0725,0.2173,0.5054,4.4685,0.426,-71.15987460229314,0
BCEI,Energy,0.1055,0.1639999999999999,0.7756,47.9914,0.3242,-78.48101104676032,0
CRK,Energy,0.0431,0.0976,0.8390000000000001,0.0,0.3211,-73.3997155744478,0
UGP,Energy,0.1613,0.0183,1.088,22.3145,-0.0145,-16.22197240764414,0
CEI,Energy,-0.1579,-0.8981,0.2433,0.0,-0.3671,143.33333333333334,1
PARR,Energy,-0.161,-0.0151,1.1279,0.0,2.5079,44.8615440955529,1
EXTN,Energy,0.0845,0.0549,0.0008,5.3571,-0.1279,-10.833337571885853,0
NGS,Energy,0.0671,0.1457,0.002,20.2105,0.0866,-3.001307268060306,0
GPRK,Energy,0.0215,0.0189,0.9841,36.6429,0.2671,-49.62686490644339,0
CLNE,Energy,-0.205,-0.209,1.3046,0.0,0.2169,-29.687500291038308,0
ICD,Energy,-0.119,-0.4004,0.0951,0.0,0.6442,-2.884608154465901,0
ESTE,Energy,0.1615,0.2249,0.3689,9.3612,0.5393,-43.36170034205659,0
IO,Energy,-0.9457,-0.2517,1.4054,0.0,-0.0721,-82.01438881827175,0
HOS,Energy,0.0646,0.1395,0.7715,10.1918,0.1581,-59.87081390114468,0
CKH,Energy,0.0715,0.0759,0.6232,13.7805,0.0578,-29.06882637212048,0
OBE,Energy,-0.3105,-0.8417,0.385,0.0,-0.2302,-59.02304252576882,0
SMLP,Energy,-0.0177,-0.062,0.8825,0.0,0.1961,-48.12151989545869,0
CEO,Energy,0.1586,0.2192,0.3597,6.2142,-0.0591,-18.64954250930285,0
KEG,Energy,-0.0174,-0.0137,0.6135,0.0,-0.1032,-71.08433734939759,0
GLOP,Energy,0.0885,0.2662,1.4369999999999998,33.6533,1.8721,-41.54153602383023,0
UNT,Energy,0.0584,0.0866,0.3482,12.1786,0.1635,-64.37956260068573,0
YUMA,Energy,-0.2695,-0.5143,0.2888,0.0,0.498,-89.20454545454545,0
TDW,Energy,0.0523,0.0977,0.5654,17.1197,0.1535,-77.09487467760233,0
USEG,Energy,0.0095,0.0314,0.0559,0.0,-0.0377,-89.33333290947806,0
EGY,Energy,-0.4297,-0.6073,0.0831,0.0,-0.2457,-65.29284213659865,0
MMLP,Energy,-0.0241,-0.0071,1.8302,0.0,0.0182,-17.77128397956675,0
BKEP,Energy,0.2299,0.1477,1.8007,33.25,-0.0413,-9.387420081313596,0
GEOS,Energy,0.1121,0.1558,0.0,12.4645,-0.2119,-47.06546375015024,0
BSM,Energy,0.259,0.3086,0.6032,19.4286,0.1829,1000.60683888138,1
TAT,Energy,0.1375,0.2094,0.6418,7.0,0.0612,-74.58866473473513,0
CCLP,Energy,0.0205,0.0398,0.9812,27.9362,1.3301,-12.026085375287886,0
CAPL,Energy,-0.0323,-0.0023,1.4879,0.0,0.3764,-27.83735113907072,0
VET,Energy,0.1332,0.2053,0.6125,22.3331,-0.0041,-41.25000332281873,0
CELP,Energy,-0.2729,-0.0498,1.0507,0.0,0.6233,-35.46649592468179,0
GPP,Energy,0.0,0.0,0.1203,22.8873,0.1642,11.382825827211914,1
SDPI,Energy,-0.0207,-0.031,0.794,0.0,0.6805,-75.9523800873702,0
TGA,Energy,0.023,0.0404,0.1382,27.6,-0.0998,-53.04257740232506,0
MXC,Energy,0.0225,0.0745,0.1843,51.4,0.3054,-38.47619011288597,0
DWSN,Energy,-0.0491,-0.0802,0.0527,0.0,-0.1166,-49.19236653467415,0
AE,Energy,0.0414,0.0016,0.0,32.2258,0.0474,-21.25436873466412,0
GNE,Energy,-0.2119,-0.0943,0.0,0.0,0.0064,83.03432123843035,1
PFIE,Energy,0.1291,0.1584,0.0,12.2727,1.0958,-60.080645083760864,0
PHX,Energy,0.2098,0.2962,0.6544,20.0336,0.3422,-28.128980310134093,0
SHI,Energy,-0.042,-0.0075,0.3461,0.0,-0.1393,33.88569920642255,1
BRN,Energy,0.035,0.0214,0.5781,32.75,0.2778,-33.56890297121791,0
DMLP,Energy,0.4687,0.6942,0.0,17.9789,-0.0106,-59.01787935401255,0
ENSV,Energy,0.222,0.0708,1.6505,14.6364,0.2171,-67.46987757133904,0
GBR,Energy,-0.1238,-0.5232,0.3669,0.0,-0.6473,-22.302154386323007,0
MCEP,Energy,0.0961,0.1781,0.8755,6.4388,0.5772,-81.0974714487805,0
PNRG,Energy,0.3885,0.1871,1.4565,6.3528,0.156,-27.347495247185076,0
SNMP,Energy,0.089,0.123,0.3979,0.0,0.7531,0.4023929672862442,1
TGC,Energy,-0.0245,-0.0572,0.0276,0.0,-0.1218,-51.99999809265137,0
INTC,Technology,0.2095,0.2095,0.2444,15.5565,0.06,-2.402207470077875,0
MU,Technology,0.283,0.1861,0.6114,11.4321,0.8029,-59.25179900025292,0
AAPL,Technology,0.3542,0.2161,0.3164,15.4253,0.0695,-2.0822684663317723,0
MSFT,Technology,0.2459,0.2542,0.2522,15.6767,0.1154,21.87848689696873,1
HPQ,Technology,0.1875,0.0885,0.7304,6.1257,-0.4955,-32.125196603884646,0
FB,Technology,0.0814,0.2358,0.0065,69.6607,0.5836,33.40982502671018,1
ORCL,Technology,0.2337,0.2862,0.514,17.343,0.0295,-16.441864939911294,0
JD,Technology,-0.1332,-0.0434,0.0504,0.0,0.6243,34.32555693070289,1
NOK,Technology,0.3147,0.2304,0.3328,6.9069,-0.1223,-10.175752230200496,0
TWTR,Technology,-0.1593,-0.4118,0.4432,0.0,1.1101,-36.70678741671654,0
AVGO,Technology,0.0811,0.0616,1.6987,82.2286,0.6940000000000001,46.76652152394804,1
AMAT,Technology,0.1362,0.1182,0.2475,23.9091,0.2082,-23.639003231809664,0
ZNGA,Technology,-0.1192,-0.3272,0.0,0.0,-0.2094,-1.8315000720495704,0
QCOM,Technology,0.2034,0.3008,0.0,15.8182,0.0652,-30.58608756561225,0
CSCO,Technology,0.1386,0.1666,0.3679,17.28,-0.0301,0.6924011157427385,1
GRPN,Technology,-0.0958,-0.024,0.0,0.0,0.182,-61.72070127164496,0
CRM,Technology,-0.0764,-0.057,0.6168,0.0,0.3347,32.34301030476945,1
ATVI,Technology,0.1154,0.1894,0.5978,17.6754,-0.0382,94.26837711805298,1
SQ,Technology,-0.5631,-0.1812,0.1096,0.0,0.539,0.1530256941902772,1
FLEX,Technology,0.1689999999999999,0.0139999999999999,0.9721,15.4,0.1077,0.9909878639362828,1
XRX,Technology,0.0949,0.0799,0.7249,10.6168,-0.3662,-21.94372470313273,0
CVLT,Technology,0.1385,0.1093,0.0,47.7574,0.1825,-23.66634518622568,0
NVDA,Technology,0.0987,0.1065,0.3083,20.6133,-0.0351,66.45145374864984,1
WDC,Technology,0.1829,0.1069,0.2757,13.5029,-0.0144,-43.08124624125746,0
ON,Technology,0.1166,0.06,0.7327,23.5581,0.1362,-3.921564960882991,0
INFY,Technology,0.2207,0.2123,0.0,17.5909,0.115,13.533803074474385,1
MRVL,Technology,0.0674,0.0926,0.0,22.5781,0.0744,-37.91233088146836,0
HPE,Technology,0.0448,0.0299,0.0375,10.5703,-0.0392,-7.582466674624921,0
TXN,Technology,0.2715,0.2163,0.4457,20.4866,0.0688,5.154601724184731,1
GDDY,Technology,-0.3492,-0.1033,3.4474,0.0,0.2268,60.30000686645508,1
AMZN,Technology,-0.0224,-0.0027,0.7695,0.0,0.1952,119.07495096484196,1
JBL,Technology,0.1076,0.0153,0.7505,18.1176,-0.0862,9.300401706923669,1
ACN,Technology,0.5132,0.0923,0.0047,17.4828,0.0487,21.487039712740764,1
ADSK,Technology,0.1012,0.1006,0.33,50.2451,-0.0166,2.3517580288709725,1
BIDU,Technology,0.2584,0.2689999999999999,0.5049,37.6667,0.5038,-15.259103579666196,0
ATHM,Technology,0.2043,0.351,0.0,32.1287,0.7170000000000001,-7.5946108692285295,0
GLW,Technology,0.1146,0.2545,0.1512,12.5989,0.2425,-18.607662033012083,0
STX,Technology,0.5544,0.1144,1.3842,12.2146,-0.0437,-41.945686271773326,0
TSM,Technology,0.2488,0.3334,0.2452,14.4695,0.2032,5.331632359516576,1
ZAYO,Technology,-0.4306,-0.1596,7.6345,0.0,0.1183,-13.302901576644102,0
NCR,Technology,0.1021,0.0289999999999999,1.9337,25.5614,0.0764,-16.290213349547756,0
VMW,Technology,0.1169,0.1468,0.1979,40.0583,0.159,-31.071033986749782,0
LRCX,Technology,0.1257,0.1372,0.2655,17.599,0.2802,1.3623548983553362,1
YNDX,Technology,0.3054,0.3353,0.4687,19.3222,-0.2629,-14.4256965222609,0
GOOGL,Technology,0.1361,0.2142,0.0504,25.3783,0.1888,46.91908747050967,1
CGNX,Technology,0.165,0.2849,0.0,29.5214,0.3861,-16.867038682339555,0
FSLR,Technology,0.0793,0.1168,0.0428,11.2626,0.0246,48.12569920062611,1
CTSH,Technology,0.1859,0.1402,0.2116,22.2194,0.1606,13.954817658624965,1
CTXS,Technology,0.1158,0.0801,0.5948,34.3272,0.0769,19.171387149900426,1
WIT,Technology,0.2269999999999999,0.1795,0.1502,33.6853,0.0529,3.460078239856996,1
HQY,Technology,0.5613,-0.115,0.0,0.0,0.3456,1.497971337879155,1
NTCT,Technology,0.12,0.1238,0.0,31.5798,0.1315,-15.216786691099276,0
TTWO,Technology,0.451,0.1538,0.5663,5.7863,0.9354,23.985763984411868,1
KLAC,Technology,0.1588,0.1989,0.2031,20.6952,0.0305,2.073555583059908,1
QRVO,Technology,0.0187,0.011,0.129,26.8702,0.1909,-27.69886303600695,0
DOX,Technology,0.1243,0.1185,0.0618,17.3132,0.0651,18.774618979765567,1
NUAN,Technology,-0.0582,-0.0782,0.8258,0.0,0.0367,40.664785038877895,1
TEL,Technology,0.1977,0.1488,0.4283,13.5484,0.0512,4.314173566056982,1
GPRO,Technology,0.1998,0.0919,0.0,59.0841,0.4144,-73.06714597106489,0
BW,Technology,-0.0386,-0.0179,0.0047,0.0,-0.1593,695566.6720435024,1
INXN,Technology,0.0804,0.1029,1.2876,44.2825,-0.0238,10.35871140306857,1
INFO,Technology,0.0693,0.1551,0.195,35.4941,0.1236,13.421051291830716,1
YY,Technology,0.3445,0.2894,0.7922,20.9857,0.9756,-4.887331104685909,0
NOW,Technology,-0.4185,-0.2628,1.0344,0.0,0.6074,28.465421619177704,1
AKAM,Technology,0.1134,0.17,0.2054,33.6684,0.2446,-16.790512145272356,0
MDRX,Technology,-0.0517,-0.0482,0.4413,0.0,0.0035,19.68871329077596,1
LPL,Technology,0.0791,0.0342,0.3716,6.5604,-0.0585,-25.28153679088408,0
NTAP,Technology,0.1685,0.1009,0.2615,18.7166,-0.0012,-34.70105536121756,0
VIAV,Technology,-0.015,-0.0192,0.4515,0.0,-0.4473,-21.85240488079509,0
RUN,Technology,-0.2181,-0.3568,1.3298,0.0,2.6273,78366.67147229126,1
VSH,Technology,0.0644,0.0472,0.2433,17.6875,0.0516,-12.73322243082668,0
TER,Technology,0.0391,0.0493,0.0,49.475,0.154,6.209307133579428,1
TRUE,Technology,-0.1943,-0.2344,0.0245,0.0,0.5426,-56.158088871751566,0
JNPR,Technology,-0.068,-0.0722,0.2742,0.0,-0.009,24.788719067372877,1
MCHP,Technology,0.1851,0.2047,0.478,24.0,0.221,6.905735864012892,1
KLIC,Technology,0.0798,0.1108,0.0242,17.5,0.0629,-18.902021284905075,0
HIMX,Technology,0.1409,0.0792,0.2751,21.2105,0.0906,6.346709365217334,1
INTU,Technology,0.2947,0.2138,0.1621,25.7767,0.0753,6.984995199415994,1
XLNX,Technology,0.2289999999999999,0.2646,0.5663,22.8987,0.0986,10.846339782312038,1
MTSI,Technology,-0.067,-0.0452,1.5166,0.0,0.3975,29.686008560625712,1
DBD,Technology,0.2152,0.0418,0.9509,19.5706,0.0589,-8.445868110916999,0
ABB,Technology,0.1594,0.0651,0.4711,18.7168,-0.0482,-12.791177854046635,0
SWKS,Technology,0.1807,0.1997,0.0,22.6434,0.2787,5.754799166069503,1
IIVI,Technology,0.057,0.0563,0.3584,23.3226,0.2399,37.07532879049092,1
TDC,Technology,0.215,0.1343,0.2742,18.5085,0.0149,-39.95454528115013,0
LDOS,Technology,0.1028,0.0285,0.8357,23.3711,-0.1076,35.173111198636164,1
ADI,Technology,0.1323,0.2197,0.1834,24.7363,0.0877,2.3489907750486547,1
OLED,Technology,0.0933,0.2191,0.0,30.8333,0.3027,94.63708772482462,1
PRO,Technology,-0.3701,-0.1972,1.1156,0.0,0.283,-13.02377835183044,0
SSNC,Technology,0.0974,0.1708,0.4602,37.019,0.0774,24.454614452916456,1
EXTR,Technology,-0.3657,-0.1103,0.7757,0.0,0.7356,14.285714285714285,1
VECO,Technology,-0.0906,-0.1704,0.0025,0.0,0.1842,-41.45785851013692,0
ZEN,Technology,-0.5929,-0.5306,0.0612,0.0,0.7635,7.610911121123547,1
ATEN,Technology,-0.3596,-0.1934,0.0,0.0,0.2665,44.49339202421577,1
BDC,Technology,0.0922,0.0323,2.1902,45.8198,0.1155,-39.15259990641768,0
ERIC,Technology,0.0802,0.0507,0.1673,26.2644,-0.156,-15.150741487345352,0
MANH,Technology,0.4505,0.1666,0.0,37.3578,0.1872,66.59112823605791,1
SPLK,Technology,-0.1007,-0.2611,0.0,0.0,0.5211,0.0340201691651776,1
STM,Technology,0.0256,0.0173,0.3606,53.3571,-0.0839,-7.198530363554608,0
NPTN,Technology,-0.1237,-0.0644,0.2892,0.0,0.0848,229.09090344242475,1
HMNY,Technology,-0.0443,-0.0167,0.0,0.0,-0.1993,-24.04371584699453,0
KN,Technology,-0.0704,-0.0951,0.3236,0.0,-0.2468,-42.043478592582375,0
EQIX,Technology,-0.1143,-0.1062,2.0457,0.0,0.1352,42.35297126809032,1
VRNT,Technology,0.0857,0.0592,1.0246,44.9901,0.0807,-30.27333221587685,0
FIS,Technology,0.1036,0.1059,0.7729,26.1345,0.0577,-1.3348838708298278,0
WDAY,Technology,-0.1453,-0.3679,0.4055,0.0,0.7136,-0.907851416101333,0
MXIM,Technology,0.146,0.1446,0.412,27.048,0.005,24.10982738229096,1
FORM,Technology,-0.0663,-0.0714,0.0,0.0,0.1598,8.303243628658294,1
BRKS,Technology,0.0488,0.065,0.0129,22.3617,0.143,-12.235682181129151,0
WB,Technology,-0.1168,-0.1955,0.0,0.0,0.7746,34.2050953776068,1
ASX,Technology,0.1507,0.0866,0.6739,13.4548,0.099,0.2619581923001029,1
LITE,Technology,0.0319,0.0131,0.0,0.0,0.0623,29.52941445743336,1
ANET,Technology,0.124,0.1179,0.0766,42.7887,0.617,24.186336884020424,1
CSIQ,Technology,0.3342,0.0809,1.9507,5.4977,0.7896,17.29444494958582,1
CARB,Technology,-0.6431,-0.0763,0.0,0.0,0.1439,-30.693069640817534,0
SAP,Technology,0.1682,0.1868,0.5919,20.9203,-0.0809,14.709176734138731,1
CREE,Technology,0.0413,0.0749,0.0,48.9706,0.1888,-16.838165481497587,0
COHR,Technology,0.0721,0.0744,0.0,25.9247,-0.0191,8.516667683919271,1
AYI,Technology,0.1511,0.0734,0.3024,30.7297,0.1457,67.64428436859312,1
IMMR,Technology,0.0538,0.0779,0.0,63.1333,0.1152,26.054052404455238,1
NTES,Technology,0.2034,0.4061,0.0876,16.8239,0.2473,85.91243627236469,1
LTRPA,Technology,-0.0245,-0.0166,0.825,0.0,0.2853,12.578847100851393,1
PTC,Technology,0.1876,0.1181,0.7166,27.1324,0.049,-4.7317674778731815,0
CDW,Technology,0.2615,0.0203,3.3807,24.4236,0.1213,21.54275844922885,1
EGOV,Technology,0.3751,0.1435,0.0,30.4915,0.0915,14.942713591676709,1
TRMB,Technology,0.0986,0.0957,0.3415,32.8171,0.0469,-20.289851785330782,0
SFUN,Technology,0.4003,0.3603,0.918,11.9968,0.1028,-8.05583729121173,0
SNE,Technology,-0.0568,-0.0165,0.5732,0.0,0.0465,20.08659373709089,1
SYNA,Technology,0.1876,0.1066,0.0068,67.6418,0.4278,25.042795856639103,1
MTCH,Technology,0.1848,0.1664,0.2384,16.0217,0.1061,-8.073268865212103,0
XNET,Technology,0.0236,0.0807,0.0002,0.0,0.1338,-5.500000715255737,0
MSI,Technology,0.475,0.2209,1.2431,12.6805,-0.0556,5.196549075564652,1
LPSN,Technology,-0.0407,-0.035,0.0,0.0,0.1807,-50.58565098535642,0
ADTN,Technology,0.0813,0.0708,0.0525,26.9136,-0.0183,-19.23018044111653,0
WHR,Technology,0.1331,0.0327,0.8899,23.3422,0.0588,-22.40668593133932,0
COMM,Technology,0.1811,0.0618,2.041,17.9764,0.1004,12.712234059999696,1
SHOP,Technology,-0.3294,-0.2124,0.0,0.0,1.0898,51.7647013944738,1
PANW,Technology,-0.4834,-0.3786,0.9964,0.0,0.5102,45.06671227631303,1
CHKP,Technology,0.1813,0.4409,0.0,22.4486,0.073,3.721639310499538,1
FFIV,Technology,0.2273,0.1797,0.0,28.7506,0.1693,-25.604237150122337,0
CRUS,Technology,0.1696,0.1513,0.0,11.5523,-0.1179,24.546612513301568,1
WSO,Technology,0.1713,0.0384,0.3432,24.7113,0.0538,12.911260970922156,1
RCM,Technology,0.5597,-0.3789,0.0,0.0,-0.5837,32.697367451032434,1
ASML,Technology,0.1593,0.2043,0.1536,32.5063,-0.0173,-16.725003707608618,0
ENS,Technology,0.1206,0.0608,0.2586,21.858,0.0864,-6.889585992650128,0
RP,Technology,-0.0312,-0.0254,0.0608,0.0,0.073,4.418608199718387,1
FLIR,Technology,0.1244,0.1308,0.2317,22.7535,0.0229,-11.546177836269276,0
JCOM,Technology,0.1516,0.2076,0.7239,23.8462,0.1502,36.71256607604696,1
TTMI,Technology,0.031,0.016,0.8135,41.9444,-0.0311,-11.788616152684035,0
IAC,Technology,0.2083,0.1334,0.5422,12.2068,0.0286,1.6028622235429273,1
UCTT,Technology,0.0602,0.0221,0.2554,0.0,-0.0873,-45.64756004149192,0
BCOR,Technology,-0.0742,-0.3427,0.4864,0.0,0.1371,-27.46113971349676,0
MOBL,Technology,-0.5377,-0.4678,0.0,0.0,0.2531,-63.42451938244032,0
APH,Technology,0.2439,0.1327,0.9136,23.8097,0.1584,-1.68245436506309,0
USAT,Technology,0.5123,0.6502,0.1009,2.7403,0.1782,90.12345152100384,1
SWIR,Technology,-0.0472,-0.0307,0.0746,0.0,0.2414,-67.17414072851568,0
HUBS,Technology,-0.4357,-0.4162,0.0016,0.0,0.4926,68.18997055915054,1
VRNS,Technology,-0.2041,-0.1914,0.0,0.0,0.3583,-43.2024166050668,0
ANY,Technology,-0.1494,-0.9445,0.2865,0.0,0.0,-72.0479704797048,0
SINA,Technology,0.0824,0.2761,0.3728,13.7537,0.2161,30.6532656218708,1
XPER,Technology,0.3149,0.6114,0.0,11.0712,0.6516,-13.448744694535383,0
AMBA,Technology,0.1641,0.1628,0.0,34.4409,0.3018,9.251276319784678,1
AMKR,Technology,0.1162,0.0415,1.3714,12.6786,0.0585,-14.606741272038148,0
MITK,Technology,-0.221,-0.2763,0.0,0.0,0.2936,29.2452845042097,1
BHE,Technology,0.063,0.0289999999999999,0.0074,16.7368,0.1159,-17.682187393473896,0
SREV,Technology,-0.5566,-0.3503,0.7068,0.0,-0.0011,2.4444474114312067,1
UPLD,Technology,-0.2818,-0.3115,0.3262,0.0,0.5676,-25.86750766499418,0
GLUU,Technology,0.0475,0.0365,0.0,43.3333,1.1129,-40.00000117737565,0
LLNW,Technology,-0.1159,-0.1516,0.0017,0.0,-0.0644,-47.2924170324857,0
CSGS,Technology,0.0996,0.0475,0.7134,22.7909,0.0051,50.359399320632974,1
DPW,Technology,-0.1482,-0.0729,0.0,0.0,0.0287,-58.46153846153847,0
WAT,Technology,0.2278,0.217,0.772,22.0156,0.0447,18.177032909100667,1
MKSI,Technology,0.107,0.1483,0.0,16.8664,0.1665,1.1275160838484015,1
CDK,Technology,0.1268,0.1153,0.0122,21.831,0.0745,18.47647834494937,1
MXL,Technology,-0.071,-0.0529,0.0,0.0,0.1125,97.45307596399408,1
AAOI,Technology,0.0372,0.0328,0.2601,37.4,0.6634,59.03614372640949,1
IRBT,Technology,0.0968,0.0679,0.0,27.0313,0.1425,1.6073518106727651,1
SOHU,Technology,-0.1387,-0.0996,0.0212,0.0,0.1948,9.09958150397174,1
IPHI,Technology,-0.0945,-0.2351,0.0,0.0,-0.0635,52.311165763113095,1
BLKB,Technology,0.1522,0.0501,1.5091,68.6667,0.1203,57.96052767282035,1
ENPH,Technology,-0.1715,-0.0234,0.0,0.0,0.477,-75.2990852847248,0
HLIT,Technology,-0.1244,-0.1067,0.0,0.0,-0.0614,-41.94008503890474,0
ST,Technology,0.2178,0.1177,2.1812,31.3832,0.2166,-11.863752673883154,0
CRTO,Technology,0.1099,0.0461,0.0356,52.4935,0.6767,-0.8512773266860433,0
ROG,Technology,0.0909,0.0874,0.1137,27.7007,0.1366,-35.10758914976654,0
UMC,Technology,0.0483,0.0746,0.1832,15.9972,0.065,-11.412189402318942,0
KEYS,Technology,0.5098,0.1337,1.4291,13.4043,0.0156,-15.230396541340957,0
AXTI,Technology,-0.01,-0.0166,0.0,0.0,-0.0215,-11.743769766046038,0
EPAM,Technology,0.1501,0.0954,0.0,32.2635,0.3151,69.18442152214871,1
FIVN,Technology,-0.905,-0.3665,1.1423,0.0,0.2255,93.7639254511262,1
EPAY,Technology,-0.0493,-0.0636,0.3841,0.0,0.1798,17.278102938287457,1
AVT,Technology,0.1116,0.0198,0.4241,11.2177,0.0802,1.5910534662600593,1
RMBS,Technology,0.0669,0.0884,0.3936,48.2174,0.0923,1.1343814485880086,1
OTEX,Technology,0.1329,0.1343,0.8036,26.3407,0.1917,-15.453909420657554,0
SANM,Technology,0.1581,0.0317,0.4364,8.9832,0.0504,-11.938386030536677,0
KOPN,Technology,-0.2568,-0.887,0.0,0.0,0.3891,-25.68306107039648,0
SATS,Technology,0.0433,0.0444,0.6701,23.5053,0.0497,-24.903989042969,0
RNWK,Technology,-0.3642,-0.4597,0.0,0.0,-0.2424,-39.37232722918303,0
DMRC,Technology,-0.3032,-0.6166,0.0,0.0,-0.2662,35.42284703770919,1
SAIC,Technology,0.2997,0.0274,1.3316,15.8841,-0.138,-5.246931890406311,0
DIOD,Technology,0.0829,0.0715,0.185,20.4222,0.0772,-15.97806500285893,0
SMTC,Technology,-0.3069,-0.2764,0.5446,0.0,0.0279,-32.5730561782157,0
EVTC,Technology,0.6976,0.1829,7.271,26.3452,0.0094,-22.261712951428684,0
SMCI,Technology,0.0882,0.0369,0.0968,22.3333,0.262,-29.4270067609002,0
BITA,Technology,0.2363,0.1855,0.0,37.5,0.7812,-62.146966894391134,0
COHU,Technology,0.0352,0.0275,0.0,35.2941,0.4761,3.6306280594893527,1
GRMN,Technology,0.107,0.1269,0.0,28.4444,0.0907,-25.769256889011245,0
TWOU,Technology,-0.3295,-0.2631,0.0,0.0,0.3262,43.634497945292,1
MLNX,Technology,-0.0342,-0.0518,0.0023,0.0,0.1875,-1.1262307702153227,0
AVID,Technology,-0.0432,0.0278,0.0,37.3947,-0.0589,-48.73417844614264,0
GNRC,Technology,0.3565,0.1195,2.2214,18.3373,-0.0167,-35.79900551325367,0
SPWR,Technology,0.1603,0.0812,0.763,13.6806,0.2074,16.72501477063891,1
RNG,Technology,-0.5009,-0.2198,0.2655,0.0,0.37,60.08147085200864,1
PEGA,Technology,0.1128,0.0564,0.0,47.2045,0.1592,35.81023174497659,1
NOVT,Technology,-0.115,-0.0665,0.5329999999999999,0.0,0.1508,-5.874225057248467,0
PXLW,Technology,-0.635,-0.1635,0.1913,0.0,0.2661,-49.14529483464092,0
AEIS,Technology,0.0989,0.1279,0.0,20.431,0.2269999999999999,16.556566236856955,1
ENR,Technology,0.2171,0.0855,0.0,48.6996,-0.0854,-72.9671807956627,0
VRTU,Technology,0.0919,0.0866,0.0,25.3864,0.1914,1.9733577182879067,1
MEET,Technology,-0.0429,-0.0884,0.0443,0.0,0.1099,130.9677441187134,1
AME,Technology,0.1804,0.1453,0.5291,22.0209,0.119,2.5231184954336587,1
SIMO,Technology,0.1462,0.1537,0.0016,17.9167,0.2841,25.441575770525706,1
VNET,Technology,-0.1582,-0.1211,1.8272,0.0,0.4323,36.73996984143776,1
KEM,Technology,-0.3087,-0.0822,1.7964,0.0,0.0118,-43.02884428792826,0
SCSC,Technology,0.1019,0.0281,0.0068,13.1765,0.0127,-18.49227873597161,0
LUNA,Technology,0.3425,0.282,0.042,3.55,0.1596,-25.0,0
CLS,Technology,0.0776,0.0192,0.0,19.2459,-0.0284,-5.967603039920339,0
HUBB,Technology,0.1688,0.0968,0.3094,19.3884,0.0551,-3.9289771925665486,0
MRCY,Technology,-0.0349,-0.0547,0.0,0.0,0.0746,41.45981418601545,1
STMP,Technology,0.1799,0.2504,0.0,20.8652,0.1522,130.32149665666915,1
FN,Technology,0.2149,0.1353,0.0387,7.8175,0.0566,38.32752987598136,1
VSAT,Technology,-0.01,-0.0069999999999999,0.733,0.0,0.207,-1.5332485102917406,0
WK,Technology,-0.7373,-0.3652,0.4454,0.0,0.3235,29.381441778604017,1
CACI,Technology,0.0997,0.038,0.9436,12.1471,-0.0319,8.362527216808193,1
JKS,Technology,0.2068,0.0745,2.4006,5.5796,0.3476,37.86746635292508,1
SNCR,Technology,0.0735,0.1266,0.4521,43.6042,-0.1196,-15.067502577081854,0
EIGI,Technology,-0.2455,-0.068,6.275,0.0,0.2106,-40.40348847198079,0
LOGI,Technology,0.0924,0.037,0.0,32.3696,-0.0435,22.20159849599638,1
EBIX,Technology,0.147,0.2966,0.2822,10.1131,0.0469,96.94144892291888,1
ANSS,Technology,0.1149,0.2721,0.0,29.6029,0.0868,13.302303639811832,1
ITRI,Technology,-0.0348,-0.0122,0.4757,0.0,0.0049,-13.569040187188088,0
SSYS,Technology,-0.0472,-0.1592,0.0198,0.0,0.5486,-71.03022990974817,0
TLRA,Technology,-0.1681,-0.1473,0.0,0.0,0.2101,-28.71972775074188,0
PRGS,Technology,0.091,0.1487,0.0,26.866,-0.0044,-10.246813784421764,0
RUBI,Technology,-0.145,-0.149,0.0008,0.0,0.4946,2.5561086284927432,1
ARW,Technology,0.1199,0.0219,0.5011,11.4634,0.0661,-5.675484678750218,0
ACLS,Technology,-0.0669,-0.0555,0.0863,0.0,0.0379,1.568625984353196,1
DSGX,Technology,0.0384,0.0635,0.1615,95.8667,0.1924,36.32043820591648,1
MODN,Technology,-0.2347,-0.2554,0.0,0.0,-0.1977,5.084745458305619,1
PCTY,Technology,-0.1031,-0.0864,0.0,0.0,0.4062,57.96649441582266,1
ASUR,Technology,-0.0586,-0.0096,3.3843,0.0,0.068,-17.999995838512074,0
AEHR,Technology,0.0599,0.0214,0.1102,56.5,0.1938,-31.636363809758965,0
BMI,Technology,0.1385,0.0814,0.3543,28.5337,0.0917,2.726698451488781,1
SNPS,Technology,0.0848,0.1259,0.0245,24.5389,0.0485,5.82367105589939,1
NATI,Technology,0.1131,0.1016,0.0,31.404,0.0608,-5.523704910279164,0
PLXS,Technology,0.1116,0.0367,0.3411,14.6589,0.0674,-13.926550575251088,0
MANT,Technology,0.0409999999999999,0.0267,0.0,23.8031,-0.2321,3.6562934762870745,1
DSPG,Technology,0.0246,0.0252,0.0,67.9375,-0.0531,-7.9024431182117,0
BCOV,Technology,-0.2092,-0.1351,0.0144,0.0,0.1376,-19.896640922387917,0
SYNC,Technology,-0.3044,-0.1213,0.0596,0.0,-0.0468,-14.634144355823803,0
CCIH,Technology,-0.0082,-0.0049,0.1354,0.0,0.2288,-11.587982393452473,0
NEWR,Technology,0.6221,-0.6367,0.0,0.0,1.1297,-0.1096816950602025,0
VCRA,Technology,-0.2579,-0.2965,0.0,0.0,-0.069,17.195004688669762,1
QLYS,Technology,0.1992,0.2264,0.0,41.0326,0.2373,-11.310643434401165,0
WIFI,Technology,-0.1544,-0.1636,0.0331,0.0,0.1176,-12.664908282447634,0
PLT,Technology,0.1609,0.1373,0.0,16.7736,0.074,-8.652383542948304,0
OMCL,Technology,0.0782,0.0692,0.0,38.5116,0.1585,-3.4782633934669405,0
NICE,Technology,0.0849,0.1182,0.0,29.1092,0.0614,15.416191581697,1
CAMP,Technology,0.3796,0.2471,0.0399,94.2353,0.3064,8.610353628665736,1
ZIXI,Technology,0.0729,0.0815,0.0,51.4286,0.0459,43.098591322275496,1
AOSL,Technology,0.1814,-0.0098,0.0247,4.2623,-0.0572,3.9592694768557055,1
SILC,Technology,0.145,0.1931,0.0,17.3094,0.0317,-7.24091571959586,0
QTWO,Technology,-0.2487,-0.2481,0.0073,0.0,0.3914,39.59767967850724,1
CALX,Technology,-0.0764,-0.0519,0.0,0.0,0.0486,-21.37862431959007,0
PLAB,Technology,0.0414,0.0571,0.2264,21.2857,0.079,52.38677714814264,1
AGYS,Technology,0.1287,0.1688,0.0025,17.4026,0.0772,-19.43548323832737,0
SYKE,Technology,0.0878,0.0435,0.1139,17.2574,0.0507,31.820129266773527,1
FENG,Technology,0.1533,0.1606,0.0,14.6226,0.126,-28.333331407487268,0
INTT,Technology,0.1001,0.0823,0.0,12.8788,0.0601,0.7142907421607401,1
NSIT,Technology,0.1049,0.0142,0.0878,14.0707,0.0334,0.2794475221751176,1
SEAC,Technology,-0.0148,-0.0207,0.0,0.0,-0.0691,7.496009435748018,1
RVLT,Technology,-0.067,-0.0674,0.1544,0.0,1.9486,-42.446041585964544,0
INAP,Technology,-0.2627,-0.1179,2.3883,0.0,0.1822,-20.09987624855729,0
LFUS,Technology,0.1348,0.1151,0.2683,22.777,0.1242,13.155746411350744,1
CYBR,Technology,0.0642,0.0966,0.0,86.1957,0.5569,16.100818285899976,1
MPWR,Technology,0.1025,0.1256,0.0,54.0652,0.1867,32.978360830485514,1
ITRN,Technology,0.3355,0.1671,0.0,15.2,0.0703,-9.547292084426662,0
DQ,Technology,0.0805,0.0912,1.3836,13.17,0.675,-34.62897500040251,0
TYL,Technology,0.1749,0.1195,0.0,61.1397,0.1835,61.63190522997302,1
SLP,Technology,0.196,0.264,0.0,35.1053,0.138,50.7398025071177,1
DAKT,Technology,0.1093,0.0402,0.0181,24.8269,0.0649,-25.121925788112765,0
ARC,Technology,0.0708,0.0172,1.9838,63.875,0.0407,-55.7557539783685,0
GIB,Technology,0.1723,0.0819,0.5372,13.5568,-0.0381,5.620045297263544,1
FLDM,Technology,-0.3512,-0.4536,1.2994,0.0,0.636,-67.83695262329951,0
TECD,Technology,0.0857,0.0067,0.1895,11.3996,0.0577,6.720251509979208,1
CYOU,Technology,-0.0038,-0.0045,0.4155,0.0,0.0236,-7.971816921651106,0
IPGP,Technology,0.1915,0.2604,0.034,19.4597,0.188,20.519058686624238,1
NTGR,Technology,0.0122,0.0063,0.0,88.288,0.0174,17.85714810671927,1
RDWR,Technology,0.0748,0.1124,0.0,40.0364,0.1497,-29.53605957726426,0
OSIS,Technology,0.09,0.0528,0.07,27.8125,0.1305,25.79455085026935,1
TDY,Technology,0.1525,0.0909,0.494,17.8313,0.0237,-13.175417219429324,0
MNDO,Technology,0.2447,0.2191,0.0,13.5517,0.3539,-30.66603713939976,0
MEI,Technology,0.2452,0.1244,0.1225,11.419,0.4867,-11.300654040728372,0
GLOB,Technology,0.1982,0.1266,0.0203,19.284,0.2607,141.99998917118194,1
EMKR,Technology,0.0432,0.0874,0.236,35.5625,-0.0895,16.098482956721426,1
MTBC,Technology,-0.3149,-0.2464,0.1627,0.0,0.7477,-56.20437797419563,0
CRNT,Technology,-0.7315,-0.2061,0.4869,0.0,0.0258,18.62745693856514,1
CPSI,Technology,0.4075,0.1608,0.0,20.6633,0.0193,-12.957559414210056,0
FARO,Technology,0.0979,0.0984,0.0,32.1436,0.1715,-52.01560429436193,0
CMTL,Technology,0.0634,0.0724,0.0,21.3924,0.0855,-33.719605974108205,0
CCMP,Technology,0.1364,0.1195,0.4645,19.5519,-0.0195,-6.492951256004707,0
AVX,Technology,0.062,0.0881,0.0,17.5733,0.0199,-9.735990046262009,0
PDFS,Technology,0.1141,0.1843,0.0,24.7667,-0.0127,-26.00682297031085,0
CRCM,Technology,-0.6802,-0.7252,0.0,0.0,0.3586,-8.789809752905411,0
APPF,Technology,0.1675,-0.1808,0.0,0.0,0.7961,3.693185089356168,1
KE,Technology,0.0975,0.0332,0.0,0.0238,0.0546,-3.34212944824698,0
ASYS,Technology,-0.2366,-0.2309,0.0,0.0,0.6237,-39.04576485048207,0
VICR,Technology,-0.1087,-0.0615,0.0,0.0,0.1334,-22.907861839596663,0
CW,Technology,0.0767,0.0505,0.6455,29.911,0.059,-1.475243070522185,0
UEIC,Technology,0.1031,0.0579,0.0,31.568,0.0623,-19.400409336003165,0
AUTO,Technology,0.0493,0.0321,0.2599,28.6842,0.3563,105.09090423583984,1
EMAN,Technology,-0.2495,-0.2044,0.0,0.0,-0.0813,-41.666669978035685,0
CYBE,Technology,-0.0397,-0.032,0.0,0.0,0.3956,-17.83029268990743,0
ITI,Technology,0.0245,0.0207,0.0,49.5,0.1061,25.730996924260968,1
MRIN,Technology,-0.3126,-0.3339,0.0302,0.0,0.2851,-58.17756970671904,0
QUIK,Technology,-0.3677,-0.4697,0.0398,0.0,0.068,-65.44342482163081,0
PKE,Technology,-0.2111,-0.2554,0.5186,0.0,-0.0604,-33.268942742150145,0
ECOM,Technology,-0.3686,-0.4065,0.0215,0.0,0.2485,-35.70102231757193,0
INPX,Technology,-0.2445,-0.1197,0.1556,0.0,0.2447,-72.05882352941177,0
LN,Technology,0.3367,0.0485,2.0742,0.249,0.9215,-20.0000029802322,0
HSTM,Technology,0.0619,0.0609,0.0,77.5789,0.2904,-23.237959474736552,0
KVHI,Technology,0.0004,0.0002,0.6082,0.0,0.0635,-24.0322551121944,0
TTGT,Technology,0.0262,0.0384,0.0,94.75,0.2001,-26.19485617180232,0
CNXN,Technology,0.1206,0.0173,0.0,15.0613,0.1088,-4.331828864783248,0
TCX,Technology,0.1788,0.0435,0.0,34.0526,0.1276,10.70304812532942,1
NTIP,Technology,0.0656,0.1435,0.0,31.4286,0.5354,-9.13044033569199,0
FICO,Technology,0.2087,0.1203,1.2009999999999998,19.6786,0.0613,30.616334441703,1
CEVA,Technology,-0.0046,-0.0161,0.0,0.0,0.039,28.989507581789542,1
POWI,Technology,0.1383,0.1707,0.0,26.0,0.0049,-4.963917673116755,0
MIXT,Technology,0.0907,0.1192,0.0189,21.7514,-0.0539,-31.667952665079017,0
LPTH,Technology,-0.0429,-0.0265,0.0243,0.0,0.0043,217.9775246284387,1
CAMT,Technology,0.0508,0.0378,0.0,27.3636,0.034,-28.618433135128345,0
PLUS,Technology,0.1324,0.0334,0.0134,12.644,0.0757,36.704779342525576,1
RFIL,Technology,0.0557,0.0623,0.0,25.1667,-0.3689,15.941434289176495,1
PRFT,Technology,0.076,0.0507,0.1772,25.5205,0.2233,-7.659115459399402,0
AMSC,Technology,-0.5011,-0.6688,0.1124,0.0,-0.0378,-22.317072759420643,0
NVMI,Technology,0.1299,0.1546,0.0,15.2794,0.0817,-5.222436691336763,0
ALLT,Technology,-0.0143,-0.0213,0.0,0.0,0.2138,-36.6013074271904,0
KBAL,Technology,0.0758,0.0615,0.0007,14.8322,0.0876,9.348856267718263,1
PRCP,Technology,0.0387,0.0407,0.0,47.2222,-0.0209,-23.09970509528505,0
AMOT,Technology,0.2477,0.0555,1.3377,15.5855,0.9895,14.072713308544484,1
NTWK,Technology,-0.1813,-0.3121,0.1169,0.0,-0.2701,85.20286689517674,1
TNAV,Technology,-0.1534,-0.1964,0.0,0.0,-0.2163,-14.5645617479791,0
ALOT,Technology,0.0482,0.0468,0.0,31.7674,0.1203,-6.6902977056348005,0
PCYG,Technology,-0.2345,-0.2088,0.1741,0.0,0.0539,32.77591407873096,1
RNET,Technology,0.1102,0.0474,0.6067,45.5889,0.496,-48.95139117392159,0
PCOM,Technology,0.1136,0.0184,0.0,42.6333,0.26,-28.96296183268229,0
DAIO,Technology,0.0792,0.0501,0.0,24.1429,0.1713,-25.22254995541502,0
MTSC,Technology,0.1627,0.0744,0.2324,24.8152,-0.009,-11.09745619975751,0
CTG,Technology,0.0933,0.0263,0.0,14.0147,-0.0615,-24.74276484821413,0
VPG,Technology,0.0154,0.0123,0.1144,78.0,0.0479,-34.71741871273988,0
MSN,Technology,0.0175,0.0169,0.0,41.6,-0.3938,-4.8076878990645735,0
NVEC,Technology,0.1074,0.4294,0.0,24.8,-0.0406,-12.831356998557933,0
PCTI,Technology,0.0399,0.043,0.0,34.64,0.0279,-46.18452303731277,0
SPNS,Technology,0.0814,0.0919,0.0,23.7742,0.163,43.4667502080141,1
CPST,Technology,-0.4768,-0.1221,0.4069,0.0,0.0435,-90.54054054054052,0
ELSE,Technology,0.0949,0.1554,0.0669,12.2188,0.0764,-8.439901659350591,0
EVOL,Technology,0.1647,0.1889,0.0004,19.5208,0.1828,-36.990194458893136,0
IPDN,Technology,-0.0682,-0.3142,0.0343,0.0,1.8859,-88.6363638826638,0
LORL,Technology,-0.1471,0.0,0.0,0.0,0.0,-47.87452000019928,0
PAR,Technology,-0.0525,-0.0168,0.1545,0.0,-0.0975,12.730322539214669,1
QUMU,Technology,-0.1462,-0.3213,0.0,0.0,0.4953,-80.33381646835015,0
RELL,Technology,-0.0029,-0.0037,0.0,0.0,-0.022,-41.83483665370572,0
SPRT,Technology,-0.0364,-0.042,0.0,0.0,-0.0587,-50.97087233719879,0
WSTL,Technology,0.0314,0.0429,0.0,52.7143,1.6302,-14.285716602707234,0
WIRE,Technology,0.0753,0.0318,0.0,20.8547,0.0075,1.086750920472091,1
APWC,Technology,0.0068,0.0023,0.3559,37.2857,-0.0203,-41.1538381863564,0
AWRE,Technology,0.0875,0.1932,0.0,22.7,0.2254,-27.55555576748318,0
BDR,Technology,-0.0657,-0.031,0.3757,0.0,0.0452,-82.97872245986301,0
BNSO,Technology,-0.0208,-0.0071,0.5551,0.0,0.0302,-3.597118908694688,0
CTS,Technology,0.0915,0.0656,0.2588,22.5696,-0.0133,2.4989106877741056,1
ESP,Technology,0.0394,0.043,0.0,48.3077,-0.2088,7.441534862648702,1
IIN,Technology,0.1396,0.0335,0.4044,17.6154,0.2669,11.634756499136008,1
MGIC,Technology,0.0839,0.0945,0.0181,16.5278,0.1335,-3.9017429445877134,0
OIIM,Technology,-0.1404,-0.2368,0.0,0.0,-0.1382,-41.49377940227772,0
PERI,Technology,0.1741,0.1102,0.1626,6.9841,0.1942,-19.69026544004649,0
PPSI,Technology,-0.0087,-0.0029,0.6124,0.0,0.0457,-57.68612598597508,0
SGOC,Technology,-0.0269,-0.0529,0.0012,0.0,-0.7849,-47.29729990962648,0
SMIT,Technology,-0.0561,-0.0445,0.0,0.0,-0.0255,-10.702338870305796,0
STRM,Technology,-0.3973,-0.4112,0.3158,0.0,0.1989,-65.18518764895272,0
TESS,Technology,0.1415,0.0289999999999999,0.0214,18.8687,-0.2558,-28.05734828351512,0
VJET,Technology,-0.0608,-0.268,0.0491,0.0,0.2171,-45.57576035008285,0
WYY,Technology,-0.2284,-0.1576,0.1023,0.0,0.1386,-49.64028810913054,0
PLPC,Technology,0.0529,0.0331,0.1386,22.8577,-0.0527,-20.86192198322705,0
AMSWA,Technology,0.1116,0.1027,0.0,26.0541,0.0013,19.5240614954976,1
MIND,Technology,0.0279999999999999,0.0518,0.1302,40.8108,-0.1201,-48.54700787123669,0
ICAD,Technology,-0.0161,-0.023,0.1858,0.0,0.3283,-43.98699531201373,0
GRVY,Technology,-0.4331,-0.5241,0.0,0.0,-0.1952,-31.8965479146852,0
MLAB,Technology,0.1399,0.1707,0.2565,34.5785,0.1354,25.152064803921014,1
SGMA,Technology,0.0527,0.0131,0.5327,13.9459,0.1212,13.746228700612958,1
AEY,Technology,-0.0002,-0.0002,0.1543,0.0,0.2515,-24.583338714307995,0
AUDC,Technology,-0.0006,-0.0006,0.0732,0.0,0.1045,-14.660836312516809,0
AVNW,Technology,-0.4567,-0.1477,0.0536,0.0,-0.2658,-49.34210588231973,0
BELFA,Technology,0.0384,0.0177,1.0372,34.7826,0.3949,-33.4619966573045,0
BLIN,Technology,-0.3118,-0.2618,0.3778,0.0,-0.0314,-53.47826086956522,0
BSQR,Technology,0.0821,0.0244,0.0,22.75,0.0413,34.734517218727,1
BVSN,Technology,-0.2662,-0.6979,0.0,0.0,-0.1291,-1.639342724524056,0
CCUR,Technology,0.4574,0.26,0.0,3.5865,0.1218,-25.457049110185512,0
CLFD,Technology,0.1162,0.0936,0.0,30.3095,0.0879,6.767511141702255,1
CLRO,Technology,0.0736,0.0966,0.0,16.0164,0.1677,34.55761857232122,1
CPAH,Technology,-0.3922,-0.5063,0.0,0.0,-0.2335,-54.56140349409551,0
CPSH,Technology,0.0979,0.0433,0.0,34.5,0.0809,-4.838705211722626,0
CSPI,Technology,0.0603,0.0152,0.0,21.5405,-0.0342,-1.9631654040758,0
CUI,Technology,-0.0425,-0.0368,0.1367,0.0,0.2538,-3.030306612851063,0
CYRN,Technology,-0.2259,-0.2198,0.1578,0.0,-0.01,-0.5847947508874469,0
DYSL,Technology,0.1441,0.049,0.5057,11.9231,-0.0104,34.55882526959926,1
DZSI,Technology,0.0535,0.0132,0.2912,44.25,0.1403,-42.85714285714285,0
EFOI,Technology,-0.5981,-0.2575,0.0535,0.0,1.409,177.77778848119362,1
ELTK,Technology,-0.2863,-0.0572,0.49,0.0,-0.0718,9.482753376048077,1
EXFO,Technology,0.0011,0.0011,0.0,0.0,-0.0468,-21.93732145352193,0
FEIM,Technology,0.0457,0.0565,0.1143,22.5532,0.038,-7.1678297631261305,0
FORTY,Technology,0.2489,0.127,0.4764,3.8103,-0.2004,27.72062402181047,1
FTEO,Technology,-0.1245,-0.1069,0.2031,0.0,-0.1854,12.541128033617689,1
GIGM,Technology,-0.0652,-0.5272,0.2359,0.0,-0.3495,232.96702022699927,1
GILT,Technology,-0.0066,-0.0064,0.2075,0.0,0.0011,-26.94736788704564,0
GSB,Technology,0.1453,0.113,0.0,14.8,0.0999,73.54476645706048,1
GSIT,Technology,-0.0482,-0.1057,0.0,0.0,-0.1126,-25.59999942779541,0
GVP,Technology,-0.3223,-0.1953,0.0149,0.0,-0.2108,53.84616560249447,1
HURC,Technology,0.092,0.0681,0.0199,16.6797,0.153,-20.81910518299824,0
IEC,Technology,-0.8659,-0.1247,1.8033,0.0,-0.1427,-33.604886114579216,0
INOD,Technology,-0.0231,-0.0165,0.1694,0.0,-0.0805,-3.716220678945224,0
INVE,Technology,-0.3717,-0.2189999999999999,0.2912,0.0,0.0938,-86.53585896150284,0
IZEA,Technology,0.7475,0.3826,0.0145,4.5902,0.2558,36.78571389037735,1
JCS,Technology,0.0228,0.0165,0.0073,45.6522,-0.0933,-22.254694545289297,0
KOSS,Technology,-0.3644,-0.2329,0.0,0.0,-0.3334,10.497241062266768,1
KTCC,Technology,0.0735,0.0249,0.0758,14.5556,-0.1541,-9.523806550335047,0
LGL,Technology,-0.1984,-0.1228,0.0,0.0,-0.1217,-5.852417688716947,0
LTRX,Technology,-0.0463,-0.0209,0.0003,0.0,-0.0452,-45.410626489180345,0
NSYS,Technology,0.0385,0.0079,0.5609,17.75,0.0089,-32.04903522732606,0
OCC,Technology,0.0221,0.0082,0.3224,46.1,0.1025,-38.53578221956317,0
OESX,Technology,-0.0805,-0.0699,0.0857,0.0,0.0295,-59.13370810399577,0
QADB,Technology,0.0995,0.024,0.241,38.0952,0.0561,-0.9930461684841124,0
QBAK,Technology,-0.6165,-0.514,0.0,0.0,-0.1346,-41.66666867355705,0
QRHC,Technology,-0.1311,-0.0567,0.0696,0.0,1.5843,-54.60526274512018,0
QTRH,Technology,0.0395,0.0988,0.0,37.375,0.1145,-53.53807216457096,0
RBCN,Technology,-0.2333,-0.963,0.0,0.0,0.1005,-74.14965983452345,0
SCKT,Technology,0.42,0.0254,2.4001,26.3333,0.0868,-7.08661690789496,0
SMSI,Technology,-0.7918,-0.3191,0.0,0.0,-0.1335,-23.15789176486532,0
SMTX,Technology,-0.1504,-0.017,0.9002,0.0,-0.1556,-11.42857415335519,0
SOFO,Technology,-0.2489,-0.0786,0.4323,0.0,0.2909,-33.54430459971,0
SOL,Technology,-0.2488,-0.0215,5.8653,0.0,0.0275,18.05555868295984,1
SVT,Technology,-0.1497,-0.0988,0.2213,0.0,0.0441,42.11682144824997,1
TACT,Technology,-0.0953,-0.0456,0.0,0.0,-0.1169,61.57167794530746,1
TAIT,Technology,-0.0719,-0.1935,0.0957,0.0,-0.0708,-6.666654070583077,0
TCCO,Technology,-0.2829,-0.4178,0.0,0.0,-0.0178,-36.4779877671775,0
TRNS,Technology,0.1324,0.0336,0.2524,16.7321,0.0553,-2.4533857732562945,0
TSRI,Technology,-0.0097,-0.0017,0.0,0.0,0.1028,29.36288407004416,1
TZOO,Technology,0.3646,0.0852,0.0279,14.3409,-0.1019,-31.167763235289964,0
WSTG,Technology,0.1456,0.0169,0.0,13.879,0.1344,7.779579169934863,1
WTT,Technology,0.0721,0.0601,0.001,21.8333,0.1925,-34.09961311331469,0
